Timestamp (UTC),trigger,stow_angle,stow_setpoint,tracker_theta,aoi,surface_azimuth,surface_tilt,timestamp_local,Year,Month,Day,Hour,Minute,Wind Speed,GHI,DNI,DHI,Temperature,Surface Albedo,Precipitable Water,Timestamp (Local),Unix Timestamp,Location ID,Latitude,Longitude,Apparent Temperature (C),Clouds,DHI (W/m^2),DNI (W/m^2),Day / Night,Dew Point (C),GHI (W/m^2),Precipitation Rate (mm/hr),Pressure (mb),Relative Humidity (%),Revision Status,SLP (mb),Snowfall Rate (mm/hr),Solar Azimuth Angle (Deg),Solar Elevation Angle (Deg),Solar Radiation (W/m^2),Temperature (C),UV Index,Visibility (KM),Weather Code,Wind Dir (Deg),Wind Gust Speed (m/s),Wind Speed (m/s),td,time_delta
2024-04-02 06:00:00,Ideal Tracking,3.7648211783876917,3.7648211783876917,3.7648211783876917,,,,4/2/24 0:00,2024,4,2,0,0,5.7,0,0,0,2.0,0.15,2.0,4/2/24 1:00,1712037600,1,43.156,-90.717,0.028151961,100,0,0,n,1.025919,0,0.0,984,85,2.1,1008,0,357.9,-41.7,0,3.3,0.0,16,804,40,10.0,3.6,2024-04-02 06:00:00,0 days 00:15:00
2024-04-02 06:15:00,Ideal Tracking,3.7648211783876917,3.7648211783876917,3.7648211783876917,,,,4/2/24 0:15,2024,4,2,0,15,5.7,0,0,0,2.0,0.15,2.0,4/2/24 1:15,1712038500,1,43.156,-90.717,0.29614687,100,0,0,n,1.1881418,0,0.0,984,86,2.1,1008,0,272.9,-41.3,0,3.3,0.0,16,804,40,9.9,3.22,2024-04-02 06:15:00,0 days 00:15:00
2024-04-02 06:30:00,Ideal Tracking,3.7648211783876917,3.7648211783876917,3.7648211783876917,,,,4/2/24 0:30,2024,4,2,0,30,5.7,0,0,0,2.1,0.15,2.0,4/2/24 1:30,1712039400,1,43.156,-90.717,0.583962,100,0,0,n,1.3487064,0,0.0,984,87,2.1,1008,0,187.8,-41.0,0,3.3,0.0,16,804,40,9.8,2.85,2024-04-02 06:30:00,0 days 00:15:00
2024-04-02 06:45:00,Ideal Tracking,3.7648211783876917,3.7648211783876917,3.7648211783876917,,,,4/2/24 0:45,2024,4,2,0,45,5.6000000000000005,0,0,0,2.1,0.15,1.9,4/2/24 1:45,1712040300,1,43.156,-90.717,0.9143041,100,0,0,n,1.5076485,0,0.0,983,88,2.1,1008,0,102.7,-40.6,0,3.3,0.0,16,804,40,9.7,2.47,2024-04-02 06:45:00,0 days 00:15:00
2024-04-02 07:00:00,Ideal Tracking,3.7648211783876917,3.7648211783876917,3.7648211783876917,,,,4/2/24 1:00,2024,4,2,1,0,5.6000000000000005,0,0,0,2.1,0.15,1.9,4/2/24 2:00,1712041200,1,43.156,-90.717,1.2798833,100,0,0,n,1.665003,0,0.0,983,89,2.1,1008,0,17.7,-40.2,0,3.3,0.0,16,804,45,8.3,2.1,2024-04-02 07:00:00,0 days 00:15:00
2024-04-02 07:15:00,Ideal Tracking,3.7648211783876917,3.7648211783876917,3.7648211783876917,,,,4/2/24 1:15,2024,4,2,1,15,5.6000000000000005,0,0,0,2.2,0.15,1.9,4/2/24 2:15,1712042100,1,43.156,-90.717,1.027509,100,0,0,n,1.665003,0,0.0,983,89,2.1,1008,0,22.1,-39.0,0,3.3,0.0,14,804,45,9.6,2.35,2024-04-02 07:15:00,0 days 00:15:00
2024-04-02 07:30:00,Ideal Tracking,3.7648211783876917,3.7648211783876917,3.7648211783876917,,,,4/2/24 1:30,2024,4,2,1,30,5.5,0,0,0,2.2,0.15,1.9,4/2/24 2:30,1712043000,1,43.156,-90.717,0.79676443,100,0,0,n,1.665003,0,0.0,983,89,2.1,1007,0,26.6,-37.7,0,3.3,0.0,11,804,45,9.6,2.6,2024-04-02 07:30:00,0 days 00:15:00
2024-04-02 07:45:00,Ideal Tracking,3.7648211783876917,3.7648211783876917,3.7648211783876917,,,,4/2/24 1:45,2024,4,2,1,45,5.5,0,0,0,2.3000000000000003,0.15,1.9,4/2/24 2:45,1712043900,1,43.156,-90.717,0.583962,100,0,0,n,1.665003,0,0.0,982,89,2.1,1007,0,31.1,-36.5,0,3.3,0.0,9,804,45,9.6,2.85,2024-04-02 07:45:00,0 days 00:15:00
2024-04-02 08:00:00,Ideal Tracking,3.7648211783876917,3.7648211783876917,3.7648211783876917,,,,4/2/24 2:00,2024,4,2,2,0,5.5,0,0,0,2.4000000000000004,0.15,1.9,4/2/24 3:00,1712044800,1,43.156,-90.717,0.3863026,100,0,0,n,1.665003,0,0.0,982,89,2.1,1007,0,35.5,-35.3,0,3.3,0.0,6,804,45,8.5,3.1,2024-04-02 08:00:00,0 days 00:15:00
2024-04-02 08:15:00,Ideal Tracking,3.7648211783876917,3.7648211783876917,3.7648211783876917,,,,4/2/24 2:15,2024,4,2,2,15,5.5,0,0,0,2.4000000000000004,0.15,1.9,4/2/24 3:15,1712045700,1,43.156,-90.717,0.48734188,100,0,0,n,1.8208032,0,0.0,982,90,2.1,1007,0,39.3,-33.4,0,3.3,0.0,8,804,50,9.0,2.97,2024-04-02 08:15:00,0 days 00:15:00
2024-04-02 08:30:00,Ideal Tracking,3.7648211783876917,3.7648211783876917,3.7648211783876917,,,,4/2/24 2:30,2024,4,2,2,30,5.5,0,0,0,2.4000000000000004,0.15,1.9,4/2/24 3:30,1712046600,1,43.156,-90.717,0.583962,100,0,0,n,1.8208032,0,0.0,982,90,2.1,1007,0,43.1,-31.5,0,3.3,0.0,9,804,50,9.6,2.85,2024-04-02 08:30:00,0 days 00:15:00
2024-04-02 08:45:00,Ideal Tracking,3.7648211783876917,3.7648211783876917,3.7648211783876917,,,,4/2/24 2:45,2024,4,2,2,45,5.5,0,0,0,2.4000000000000004,0.15,1.8,4/2/24 3:45,1712047500,1,43.156,-90.717,0.69256955,100,0,0,n,1.9750818,0,0.0,982,91,2.1,1007,0,46.9,-29.6,0,3.3,0.0,10,804,50,9.6,2.72,2024-04-02 08:45:00,0 days 00:15:00
2024-04-02 09:00:00,Ideal Tracking,3.7648211783876917,3.7648211783876917,3.7648211783876917,,,,4/2/24 3:00,2024,4,2,3,0,5.5,0,0,0,2.4000000000000004,0.15,1.8,4/2/24 4:00,1712048400,1,43.156,-90.717,0.79676443,100,0,0,n,2.1278703,0,0.0,982,92,2.1,1006,0,50.7,-27.8,0,3.3,0.0,11,804,50,11.6,2.6,2024-04-02 09:00:00,0 days 00:15:00
2024-04-02 09:15:00,Ideal Tracking,3.7648211783876917,3.7648211783876917,3.7648211783876917,,,,4/2/24 3:15,2024,4,2,3,15,5.5,0,0,0,2.4000000000000004,0.15,1.8,4/2/24 4:15,1712049300,1,43.156,-90.717,0.8714004,100,0,0,n,1.968964,0,0.0,982,90,2.1,1006,0,53.9,-25.5,0,3.45,0.0,12,804,50,9.6,2.72,2024-04-02 09:15:00,0 days 00:15:00
2024-04-02 09:30:00,Ideal Tracking,3.7648211783876917,3.7648211783876917,3.7648211783876917,,,,4/2/24 3:30,2024,4,2,3,30,5.4,0,0,0,2.3000000000000003,0.15,1.8,4/2/24 4:30,1712050200,1,43.156,-90.717,0.9309424,100,0,0,n,1.7933413,0,0.0,982,88,2.1,1006,0,57.1,-23.2,0,3.59,0.0,14,804,45,9.6,2.85,2024-04-02 09:30:00,0 days 00:15:00
2024-04-02 09:45:00,Ideal Tracking,3.7648211783876917,3.7648211783876917,3.7648211783876917,,,,4/2/24 3:45,2024,4,2,3,45,5.4,0,0,0,2.3000000000000003,0.15,1.8,4/2/24 4:45,1712051100,1,43.156,-90.717,1.027473,100,0,0,n,1.7914302,0,0.0,981,87,2.1,1006,0,60.3,-20.9,0,3.75,0.0,15,804,40,9.6,2.97,2024-04-02 09:45:00,0 days 00:15:00
2024-04-02 10:00:00,Ideal Tracking,3.7648211783876917,3.7648211783876917,3.7648211783876917,,,,4/2/24 4:00,2024,4,2,4,0,5.300000000000001,0,0,0,2.2,0.15,1.8,4/2/24 5:00,1712052000,1,43.156,-90.717,1.108866,100,0,0,n,1.6146168,0,0.0,981,85,2.1,1006,0,63.6,-18.6,0,3.9,0.0,16,804,40,11.8,3.1,2024-04-02 10:00:00,0 days 00:15:00
2024-04-02 10:15:00,Ideal Tracking,3.7648211783876917,3.7648211783876917,3.7648211783876917,,,,4/2/24 4:15,2024,4,2,4,15,5.300000000000001,0,0,0,2.2,0.15,1.8,4/2/24 5:15,1712052900,1,43.156,-90.717,0.8396678,100,0,0,n,1.6302695,0,0.0,981,86,2.1,1006,0,66.4,-16.0,0,3.75,0.0,16,804,40,9.5,3.22,2024-04-02 10:15:00,0 days 00:15:00
2024-04-02 10:30:00,Ideal Tracking,-1.6992233007917434,-1.6992233007917434,-1.6992233007917434,87.63824061685877,90.0,1.699223300791713,4/2/24 4:30,2024,4,2,4,30,5.300000000000001,0,0,0,2.1,0.15,1.8,4/2/24 5:30,1712053800,1,43.156,-90.717,0.552958,100,0,0,n,1.6340188,0,0.0,981,87,2.1,1006,0,69.2,-13.5,0,3.59,0.0,16,804,40,9.6,3.35,2024-04-02 10:30:00,0 days 00:15:00
2024-04-02 10:45:00,Ideal Tracking,-8.129387375130563,-8.129387375130563,-8.129387375130563,78.67864311005528,90.0,8.129387375130563,4/2/24 4:45,2024,4,2,4,45,5.4,0,0,0,2.0,0.15,1.8,4/2/24 5:45,1712054700,1,43.156,-90.717,0.29927218,100,0,0,n,1.6554214,0,0.0,981,88,2.1,1006,0,72.0,-10.9,0,3.45,0.0,16,804,40,9.6,3.47,2024-04-02 10:45:00,0 days 00:15:00
2024-04-02 11:00:00,Ideal Tracking,-15.200455192737806,-15.200455192737806,-15.200455192737806,68.90516774968708,90.0,15.200455192737799,4/2/24 5:00,2024,4,2,5,0,5.4,0,0,0,1.9,0.15,1.8,4/2/24 6:00,1712055600,1,43.156,-90.717,0.028151961,100,0,0,n,1.665003,0,0.0,981,89,2.1,1006,0,74.8,-8.3,0,3.3,0.0,16,804,40,10.9,3.6,2024-04-02 11:00:00,0 days 00:15:00
2024-04-02 11:15:00,Ideal Tracking,-23.06912041276192,-23.06912041276192,-23.06912041276192,58.29763302829577,90.0,23.06912041276192,4/2/24 5:15,2024,4,2,5,15,5.4,0,0,0,1.9,0.15,1.8,4/2/24 6:15,1712056500,1,43.156,-90.717,-0.13023768,100,5,39,d,1.5367634,5,0.0,981,89,2.1,1006,0,77.4,-5.6,6,3.17,0.0,13,804,40,9.7,3.6,2024-04-02 11:15:00,0 days 00:15:00
2024-04-02 11:30:00,Ideal Tracking,-32.379035593237916,-32.379035593237916,-32.379035593237916,46.30487342008435,90.0,32.379035593237916,4/2/24 5:30,2024,4,2,5,30,5.4,0,0,0,1.8,0.15,1.8,4/2/24 6:30,1712057400,1,43.156,-90.717,-0.27644378,100,11,77,d,1.2613574,10,0.0,981,88,2.1,1006,0,80.0,-3.0,12,3.05,0.0,10,804,40,9.8,3.6,2024-04-02 11:30:00,0 days 00:15:00
2024-04-02 11:45:00,Ideal Tracking,-44.97854446807298,-44.97854446807298,-44.97854446807298,31.28311956588535,90.0,44.97854446807298,4/2/24 5:45,2024,4,2,5,45,5.4,0,0,0,1.8,0.15,1.8,4/2/24 6:45,1712058300,1,43.156,-90.717,-0.43483344,100,16,116,d,1.1332848,15,0.0,981,88,2.1,1005,0,82.6,-0.3,18,2.92,0.0,8,804,40,9.9,3.6,2024-04-02 11:45:00,0 days 00:15:00
2024-04-02 12:00:00,Ideal Tracking,-60.0,-60.0,-60.0,15.235253209992505,90.0,59.99999999999999,4/2/24 6:00,2024,4,2,6,0,5.5,19,38,17,1.7000000000000002,0.15,1.8,4/2/24 7:00,1712059200,1,43.156,-90.717,-0.58103955,100,22,154,d,1.0150627,19,0.0,980,88,2.1,1005,0,85.2,2.4,24,2.8,0.5,5,804,40,11.4,3.6,2024-04-02 12:00:00,0 days 00:15:00
2024-04-02 12:15:00,Ideal Tracking,-60.0,-60.0,-60.0,14.489448719722033,90.0,59.99999999999999,4/2/24 6:15,2024,4,2,6,15,5.5,47,104,37,1.8,0.15,1.9,4/2/24 7:15,1712060100,1,43.156,-90.717,-0.2158334,100,32,256,d,1.0150627,61,0.0,980,88,2.1,1005,0,87.7,5.2,38,2.8,0.5,5,804,50,8.0,3.1,2024-04-02 12:15:00,0 days 00:15:00
2024-04-02 12:30:00,Ideal Tracking,-60.0,-60.0,-60.0,14.639735963213834,90.0,59.99999999999999,4/2/24 6:30,2024,4,2,6,30,5.4,3,0,3,1.8,0.15,1.9,4/2/24 7:30,1712061000,1,43.156,-90.717,-0.08034013,100,42,358,d,1.0150627,102,0.0,980,88,2.1,1005,0,90.3,7.9,52,2.8,0.6,5,804,45,9.8,2.93,2024-04-02 12:30:00,0 days 00:15:00
2024-04-02 12:45:00,Ideal Tracking,-60.0,-60.0,-60.0,15.661399171115772,90.0,59.99999999999999,4/2/24 6:45,2024,4,2,6,45,5.4,6,0,6,1.8,0.15,1.9,4/2/24 7:45,1712061900,1,43.156,-90.717,0.061925802,100,52,459,d,1.0150627,143,0.0,980,88,2.1,1005,0,92.9,10.6,66,2.8,0.6,6,804,45,9.7,2.76,2024-04-02 12:45:00,0 days 00:15:00
2024-04-02 13:00:00,Ideal Tracking,-60.0,-60.0,-60.0,17.402044444563664,90.0,59.99999999999999,4/2/24 7:00,2024,4,2,7,0,5.4,7,0,7,1.8,0.15,1.9,4/2/24 8:00,1712062800,1,43.156,-90.717,0.20271447,100,62,561,d,1.0150627,184,0.0,980,88,2.1,1005,0,95.4,13.4,80,2.8,0.6,6,804,40,9.6,2.6,2024-04-02 13:00:00,0 days 00:15:00
2024-04-02 13:15:00,Ideal Tracking,-57.75573627484755,-57.75573627484755,-57.75573627484755,19.548361619773566,90.0,57.75573627484755,4/2/24 7:15,2024,4,2,7,15,5.4,6,0,6,1.8,0.15,1.9,4/2/24 8:15,1712063700,1,43.156,-90.717,-0.2158334,100,68,602,d,1.6327251,232,1.0,980,92,2.1,1005,0,98.2,16.1,91,2.8,0.6,3,500,35,9.6,3.1,2024-04-02 13:15:00,0 days 00:15:00
2024-04-02 13:30:00,Snow,-54.455220830188814,-54.455220830188814,-54.455220830188814,21.643567516538084,90.0,54.455220830188814,4/2/24 7:30,2024,4,2,7,30,5.4,5,0,5,1.8,0.15,1.9,4/2/24 8:30,1712064600,1,43.156,-90.717,0.10536845,100,73,644,d,1.731755,280,6.0,980,92,2.1,1005,6,100.9,18.7,57,2.9,0.7,4,612,25,9.6,2.85,2024-04-02 13:30:00,0 days 00:15:00
2024-04-02 13:45:00,Snow,-24.455220830188814,60.0,-51.04571860310711,23.65263991286655,90.0,51.04571860310711,4/2/24 7:45,2024,4,2,7,45,5.4,28,0,28,1.8,0.15,1.9,4/2/24 8:45,1712065500,1,43.156,-90.717,0.44033453,100,79,685,d,1.9817377,327,3.0,979,93,2.1,1004,3,103.7,21.4,88,3.0,0.7,4,611,20,9.6,2.6,2024-04-02 13:45:00,0 days 00:15:00
2024-04-02 14:00:00,Snow,5.544779169811186,60.0,-47.51911252880097,25.56542821151335,90.0,47.519112528800974,4/2/24 8:00,2024,4,2,8,0,5.4,13,0,13,1.8,0.15,1.9,4/2/24 9:00,1712066400,1,43.156,-90.717,-0.58103955,100,85,726,d,1.6327251,375,2.0,979,92,2.1,1004,2,106.4,24.1,106,2.8,0.8,4,611,30,9.6,3.6,2024-04-02 14:00:00,0 days 00:15:00
2024-04-02 14:15:00,Snow,35.544779169811186,60.0,-43.86850487694106,27.371199938859863,90.0,43.86850487694105,4/2/24 8:15,2024,4,2,8,15,5.4,13,0,13,1.9,0.15,1.9,4/2/24 9:15,1712067300,1,43.156,-90.717,-0.2158334,100,88,749,d,1.0150627,419,2.0,979,88,2.1,1004,2,109.6,26.6,112,2.8,0.9,5,601,20,9.5,3.1,2024-04-02 14:15:00,0 days 00:15:00
2024-04-02 14:30:00,Snow,60.0,60.0,-40.08866439979194,29.058708106575875,90.0,40.08866439979194,4/2/24 8:30,2024,4,2,8,30,5.5,18,0,18,1.9,0.15,1.9,4/2/24 9:30,1712068200,1,43.156,-90.717,-0.2158334,100,92,771,d,1.0150627,463,1.0,979,88,2.1,1004,1,112.8,29.2,138,2.8,1.0,7,600,20,9.4,3.1,2024-04-02 14:30:00,0 days 00:15:00
2024-04-02 14:45:00,Snow,60.0,60.0,-36.176535803801904,30.616307563776356,90.0,36.176535803801904,4/2/24 8:45,2024,4,2,8,45,5.5,16,0,16,2.0,0.15,1.9,4/2/24 9:45,1712069100,1,43.156,-90.717,-0.2158334,100,96,794,d,1.0150627,507,2.0,979,88,2.1,1004,2,115.9,31.7,128,2.8,1.1,9,601,15,9.3,3.1,2024-04-02 14:45:00,0 days 00:15:00
2024-04-02 15:00:00,Snow,60.0,60.0,-32.131785932560966,32.032129899812396,90.0,32.13178593256096,4/2/24 9:00,2024,4,2,9,0,5.6000000000000005,20,0,20,2.1,0.15,1.9,4/2/24 10:00,1712070000,1,43.156,-90.717,-0.2158334,100,99,816,d,1.0150627,552,3.0,979,88,2.1,1003,3,119.1,34.2,125,2.8,1.2,11,601,15,9.2,3.1,2024-04-02 15:00:00,0 days 00:15:00
2024-04-02 15:15:00,Snow,60.0,60.0,-27.95734327194306,33.294323260027596,90.0,27.957343271943056,4/2/24 9:15,2024,4,2,9,15,5.7,22,0,22,2.1,0.15,1.9,4/2/24 10:15,1712070900,1,43.156,-90.717,-0.58103955,100,102,829,d,0.8567753,587,5.0,978,87,2.1,1003,5,123.0,36.4,110,2.8,1.3,11,602,15,9.4,3.6,2024-04-02 15:15:00,0 days 00:15:00
2024-04-02 15:30:00,Snow,60.0,60.0,-23.65987403728393,34.39135595493579,90.00000120741826,23.659874037283938,4/2/24 9:30,2024,4,2,9,30,5.800000000000001,30,0,30,2.2,0.15,1.8,4/2/24 10:30,1712071800,1,43.156,-90.717,-0.89969355,100,104,842,d,0.6968718,623,4.0,978,86,2.1,1003,4,126.8,38.6,125,2.8,1.4,11,602,15,9.6,4.09,2024-04-02 15:30:00,0 days 00:15:00
2024-04-02 15:45:00,Snow,60.0,60.0,-19.250118534947237,35.31238037964803,90.00000147877934,19.250118534947244,4/2/24 9:45,2024,4,2,9,45,5.9,32,0,32,2.2,0.15,1.8,4/2/24 10:45,1712072700,1,43.156,-90.717,-1.1933446,100,106,855,d,0.6968718,659,3.0,978,86,2.1,1002,3,130.7,40.8,140,2.8,1.5,11,601,10,9.8,4.59,2024-04-02 15:45:00,0 days 00:15:00
2024-04-02 16:00:00,Snow,60.0,60.0,-14.743005014269958,36.0476337449724,90.0,14.743005014269945,4/2/24 10:00,2024,4,2,10,0,5.9,34,0,34,2.2,0.15,1.8,4/2/24 11:00,1712073600,1,43.156,-90.717,-1.461249,100,109,869,d,0.5353164,694,1.0,977,85,2.1,1002,1,134.6,43.0,178,2.8,1.6,11,600,10,8.9,5.09,2024-04-02 16:00:00,0 days 00:15:00
2024-04-02 16:15:00,Relaxing,60.0,60.0,-10.157472463724789,36.5888539167827,90.0,10.15747246372477,4/2/24 10:15,2024,4,2,10,15,6.0,35,0,35,2.3000000000000003,0.15,1.8,4/2/24 11:15,1712074500,1,43.156,-90.717,-1.3302041,100,110,876,d,0.37207213,718,0.0,977,84,2.1,1002,0,139.5,44.6,182,2.8,1.7,11,804,10,8.9,4.84,2024-04-02 16:15:00,0 days 00:15:00
2024-04-02 16:30:00,Relaxing,60.0,60.0,-5.515956444349734,36.92967450189448,90.00000225887274,5.5159564443497375,4/2/24 10:30,2024,4,2,10,30,6.1000000000000005,32,0,32,2.3000000000000003,0.15,1.8,4/2/24 11:30,1712075400,1,43.156,-90.717,-1.1933446,100,112,883,d,0.20710076,741,0.0,977,83,2.1,1002,0,144.4,46.2,186,2.8,1.8,10,804,15,8.8,4.59,2024-04-02 16:30:00,0 days 00:15:00
2024-04-02 16:45:00,Ideal Tracking,30.0,-0.8435373767934579,-0.8435373767934579,37.065952807223546,90.00001446384282,0.8435373767934847,4/2/24 10:45,2024,4,2,10,45,6.2,42,0,42,2.3000000000000003,0.15,1.8,4/2/24 11:45,1712076300,1,43.156,-90.717,-1.0500734,100,113,890,d,0.040362746,765,0.0,977,82,2.1,1002,0,149.3,47.8,190,2.8,1.9,10,804,20,8.8,4.34,2024-04-02 16:45:00,0 days 00:15:00
2024-04-02 17:00:00,Snow,3.8331878468558958,3.8331878468558958,3.8331878468558958,36.99599547314131,270.0,3.833187846855864,4/2/24 11:00,2024,4,2,11,0,6.300000000000001,34,0,34,2.3000000000000003,0.15,1.7000000000000002,4/2/24 12:00,1712077200,1,43.156,-90.717,-0.89969355,100,114,897,d,-0.12818292,788,1.0,977,81,2.1,1001,1,154.2,49.4,193,2.8,2.0,10,600,20,8.8,4.09,2024-04-02 17:00:00,0 days 00:15:00
2024-04-02 17:15:00,Snow,33.83318784685589,60.0,8.487403019908703,36.72065329397342,269.99999704244135,8.487403019908713,4/2/24 11:15,2024,4,2,11,15,6.4,67,0,67,2.3000000000000003,0.15,1.7000000000000002,4/2/24 12:15,1712078100,1,43.156,-90.717,-1.4368339,100,115,899,d,-0.05710232,797,1.0,976,83,2.1,1001,1,160.0,50.1,195,2.53,2.1,8,600,135,8.6,4.43,2024-04-02 17:15:00,0 days 00:15:00
2024-04-02 17:30:00,Snow,3.8331878468558926,-60.0,13.093396518820065,36.24327583315044,270.0,13.093396518820057,4/2/24 11:30,2024,4,2,11,30,6.5,54,0,54,2.3000000000000003,0.15,1.7000000000000002,4/2/24 12:30,1712079000,1,43.156,-90.717,-1.9597265,100,115,902,d,-0.15707397,806,2.0,976,84,2.1,1001,2,165.9,50.7,173,2.26,2.1,6,601,245,8.4,4.76,2024-04-02 17:30:00,0 days 00:15:00
2024-04-02 17:45:00,Snow,-26.166812153144107,-60.0,17.627759017623337,35.569520275961395,270.0,17.62775901762333,4/2/24 11:45,2024,4,2,11,45,6.6000000000000005,65,0,65,2.3000000000000003,0.15,1.7000000000000002,4/2/24 12:45,1712079900,1,43.156,-90.717,-2.4631634,100,116,904,d,-0.08919747,816,2.0,976,86,2.1,1001,2,171.7,51.4,174,2.0,2.2,4,601,360,8.2,5.09,2024-04-02 17:45:00,0 days 00:15:00
2024-04-02 18:00:00,Snow,3.8331878468558926,60.0,22.070333376686115,34.707056559245885,269.99999914622634,22.07033337668612,4/2/24 12:00,2024,4,2,12,0,6.7,47,0,47,2.3000000000000003,0.15,1.7000000000000002,4/2/24 13:00,1712080800,1,43.156,-90.717,-2.2126846,100,116,907,d,-0.053432077,825,2.0,976,85,2.1,1001,2,177.5,52.1,175,2.2,2.2,4,601,10,8.2,5.09,2024-04-02 18:00:00,0 days 00:15:00
2024-04-02 18:15:00,Snow,33.83318784685589,60.0,26.404843049392625,33.66518973962081,269.99999914622634,26.40484304939263,4/2/24 12:15,2024,4,2,12,15,6.7,80,0,80,2.3000000000000003,0.15,1.6,4/2/24 13:15,1712081700,1,43.156,-90.717,-1.9212607,100,116,905,d,-0.06867986,819,2.0,976,88,2.1,1001,2,183.5,51.7,175,1.7,2.2,2,601,360,8.2,3.6,2024-04-02 18:15:00,0 days 00:15:00
2024-04-02 18:30:00,Snow,60.0,60.0,30.61917630814051,32.454446342175615,270.0,30.61917630814051,4/2/24 12:30,2024,4,2,12,30,6.800000000000001,80,0,80,2.3000000000000003,0.15,1.6,4/2/24 13:30,1712082600,1,43.156,-90.717,-2.0884197,100,116,904,d,-0.06867986,813,1.0,976,88,2.1,1000,1,189.4,51.2,197,1.7,2.2,2,600,185,8.8,3.84,2024-04-02 18:30:00,0 days 00:15:00
2024-04-02 18:45:00,Snow,30.0,-60.0,34.705359332666305,31.086162556152285,269.9999987925817,34.70535933266631,4/2/24 12:45,2024,4,2,12,45,6.800000000000001,88,0,88,2.3000000000000003,0.15,1.6,4/2/24 13:45,1712083500,1,43.156,-90.717,-2.2534583,100,115,902,d,-0.06867986,807,1.0,975,88,2.1,1000,1,195.4,50.8,196,1.7,2.1,2,600,10,9.3,4.09,2024-04-02 18:45:00,0 days 00:15:00
2024-04-02 19:00:00,Snow,60.0,60.0,38.659284857282195,29.57211165744651,270.0,38.659284857282195,4/2/24 13:00,2024,4,2,13,0,6.9,35,0,35,2.3000000000000003,0.15,1.6,4/2/24 14:00,1712084400,1,43.156,-90.717,-2.55959,100,115,900,d,-0.06867986,801,1.0,975,88,2.1,1000,1,201.3,50.3,195,1.7,2.1,2,600,350,7.7,4.59,2024-04-02 19:00:00,0 days 00:15:00
2024-04-02 19:15:00,Snow,60.0,60.0,42.48027290076434,27.92417113855439,270.0,42.48027290076434,4/2/24 13:15,2024,4,2,13,15,7.0,78,0,78,2.4000000000000004,0.15,1.6,4/2/24 14:15,1712085300,1,43.156,-90.717,-2.4102297,100,114,894,d,-0.38398525,780,1.0,975,86,2.1,1000,1,206.4,48.9,192,1.7,2.0,2,600,350,8.3,4.34,2024-04-02 19:15:00,0 days 00:15:00
2024-04-02 19:30:00,Snow,60.0,60.0,46.17054354240508,26.154069209366117,270.0,46.17054354240508,4/2/24 13:30,2024,4,2,13,30,7.1000000000000005,71,0,71,2.4000000000000004,0.15,1.5,4/2/24 14:30,1712086200,1,43.156,-90.717,-2.2534583,100,113,888,d,-0.70584345,760,1.0,975,84,2.1,1000,1,211.6,47.4,189,1.7,1.9,2,600,350,8.8,4.09,2024-04-02 19:30:00,0 days 00:15:00
2024-04-02 19:45:00,Snow,60.0,60.0,49.73466854563559,24.273185110993474,270.0,49.73466854563559,4/2/24 13:45,2024,4,2,13,45,7.2,55,0,55,2.4000000000000004,0.15,1.5,4/2/24 14:45,1712087100,1,43.156,-90.717,-2.55959,100,111,882,d,-0.70584345,739,1.0,975,84,2.1,1000,1,216.7,46.0,185,1.7,1.8,2,600,360,11.3,4.59,2024-04-02 19:45:00,0 days 00:15:00
2024-04-02 20:00:00,Snow,60.0,60.0,53.1790464689417,22.292414967957903,270.0,53.1790464689417,4/2/24 14:00,2024,4,2,14,0,7.300000000000001,78,0,78,2.4000000000000004,0.15,1.5,4/2/24 15:00,1712088000,1,43.156,-90.717,-2.2534583,100,110,876,d,-0.70584345,718,2.0,975,84,2.1,1000,2,221.8,44.6,160,1.7,1.7,2,601,360,9.8,4.09,2024-04-02 20:00:00,0 days 00:15:00
2024-04-02 20:15:00,Snow,60.0,60.0,56.51143268922307,20.222089830733303,270.0,56.51143268922307,4/2/24 14:15,2024,4,2,14,15,7.4,51,0,51,2.4000000000000004,0.15,1.5,4/2/24 15:15,1712088900,1,43.156,-90.717,-2.55959,100,108,865,d,-0.70584345,685,2.0,975,84,2.1,1000,2,225.9,42.5,155,1.7,1.6,1,601,360,9.6,4.59,2024-04-02 20:15:00,0 days 00:15:00
2024-04-02 20:30:00,Snow,60.0,60.0,59.74053989102364,18.071936224886322,270.0,59.74053989102364,4/2/24 14:30,2024,4,2,14,30,7.5,74,0,74,2.4000000000000004,0.15,1.5,4/2/24 15:30,1712089800,1,43.156,-90.717,-3.149962,100,106,853,d,-0.70584345,652,1.0,975,84,2.1,1000,1,230.0,40.4,171,1.7,1.5,1,600,350,9.3,5.7,2024-04-02 20:30:00,0 days 00:15:00
2024-04-02 20:45:00,Snow,60.0,60.0,60.0,16.103231469309055,270.0,59.99999999999999,4/2/24 14:45,2024,4,2,14,45,7.6,46,0,46,2.4000000000000004,0.15,1.4,4/2/24 15:45,1712090700,1,43.156,-90.717,-2.4467227,100,104,841,d,-0.38398525,618,1.0,975,86,2.1,1000,1,234.0,38.3,166,1.7,1.4,1,600,350,12.3,4.4,2024-04-02 20:45:00,0 days 00:15:00
2024-04-02 21:00:00,Snow,60.0,60.0,60.0,14.783668092756777,270.0,59.99999999999999,4/2/24 15:00,2024,4,2,15,0,7.800000000000001,26,0,26,2.4000000000000004,0.15,1.4,4/2/24 16:00,1712091600,1,43.156,-90.717,-1.5405325,100,102,830,d,-0.06867986,585,1.0,975,88,2.1,1000,1,238.1,36.2,161,1.7,1.3,1,600,350,12.4,3.1,2024-04-02 21:00:00,0 days 00:15:00
2024-04-02 21:15:00,Snow,60.0,60.0,60.0,14.296069344544907,270.0,59.99999999999999,4/2/24 15:15,2024,4,2,15,15,7.800000000000001,37,0,37,2.3000000000000003,0.15,1.4,4/2/24 16:15,1712092500,1,43.156,-90.717,-1.9094481,100,98,810,d,-0.11070663,542,1.0,975,89,2.1,1000,4,241.4,33.7,152,1.5,1.2,1,600,345,13.0,3.26,2024-04-02 21:15:00,0 days 00:15:00
2024-04-02 21:30:00,Snow,60.0,60.0,60.0,14.722414979587269,270.0,59.99999999999999,4/2/24 15:30,2024,4,2,15,30,7.800000000000001,97,1,96,2.2,0.15,1.4,4/2/24 16:30,1712093400,1,43.156,-90.717,-2.2826095,100,95,790,d,-0.003042471,500,1.0,975,91,2.1,1000,4,244.7,31.3,145,1.3,1.1,1,600,345,13.6,3.43,2024-04-02 21:30:00,0 days 00:15:00
2024-04-02 21:45:00,Snow,60.0,60.0,52.37044506018618,23.16277968476111,270.0,52.37044506018618,4/2/24 15:45,2024,4,2,15,45,7.800000000000001,129,3,127,2.1,0.15,1.4,4/2/24 16:45,1712094300,1,43.156,-90.717,-2.6522906,100,92,770,d,-0.05084348,457,1.0,975,92,2.1,1000,4,248.0,28.8,138,1.1,1.0,2,600,340,9.0,3.6,2024-04-02 21:45:00,0 days 00:15:00
2024-04-02 22:00:00,Snow,60.0,60.0,36.81971766763449,40.82279264577843,270.0,36.8197176676345,4/2/24 16:00,2024,4,2,16,0,7.9,47,0,47,2.0,0.15,1.4,4/2/24 17:00,1712095200,1,43.156,-90.717,-1.9212607,100,88,750,d,-0.06867986,414,1.0,975,88,2.1,1000,1,251.3,26.3,129,1.7,0.9,2,600,330,9.0,3.6,2024-04-02 22:00:00,0 days 00:15:00
2024-04-02 22:15:00,Snow,60.0,60.0,26.58243880344778,53.68717442849294,269.99999914622634,26.582438803447783,4/2/24 16:15,2024,4,2,16,15,7.800000000000001,82,1,82,1.9,0.15,1.3,4/2/24 17:15,1712096100,1,43.156,-90.717,-2.1488461,100,83,714,d,-0.06867986,367,1.0,975,88,2.1,1000,1,254.1,23.7,120,1.7,0.8,3,600,325,8.9,3.93,2024-04-02 22:15:00,0 days 00:15:00
2024-04-02 22:30:00,Snow,60.0,60.0,18.265495607165377,64.7327635129361,270.0,18.26549560716537,4/2/24 16:30,2024,4,2,16,30,7.7,81,1,81,1.7000000000000002,0.15,1.3,4/2/24 17:30,1712097000,1,43.156,-90.717,-2.360907,100,78,678,d,-0.06867986,319,1.0,975,88,2.1,1000,1,256.9,21.0,110,1.7,0.7,3,600,325,8.9,4.26,2024-04-02 22:30:00,0 days 00:15:00
2024-04-02 22:45:00,Relaxing,60.0,60.0,10.932919594589478,74.78963981201329,269.99999914622634,10.93291959458948,4/2/24 16:45,2024,4,2,16,45,7.6,59,1,59,1.5,0.15,1.3,4/2/24 17:45,1712097900,1,43.156,-90.717,-2.55959,100,73,642,d,-0.06867986,272,0.0,975,88,2.1,1000,0,259.7,18.3,100,1.7,0.7,4,804,320,8.8,4.59,2024-04-02 22:45:00,0 days 00:15:00
2024-04-02 23:00:00,Relaxing,60.0,60.0,4.240773581151856,84.10016681217137,269.99999774112723,4.24077358115186,4/2/24 17:00,2024,4,2,17,0,7.6,38,0,38,1.4,0.15,1.3,4/2/24 18:00,1712098800,1,43.156,-90.717,-2.55959,100,68,606,d,-0.06867986,225,0.0,975,88,2.1,1000,0,262.5,15.7,91,1.7,0.6,6,804,320,8.8,4.59,2024-04-02 23:00:00,0 days 00:15:00
2024-04-02 23:15:00,Snow,30.0,4.240773581151856,4.240773581151856,,,,4/2/24 17:15,2024,4,2,17,15,7.5,21,0,21,1.2000000000000002,0.15,1.3,4/2/24 18:15,1712099700,1,43.156,-90.717,-2.55959,100,59,526,d,-0.06867986,180,1.0,975,88,2.1,1000,1,265.1,13.0,77,1.7,0.6,8,600,320,9.1,4.59,2024-04-02 23:15:00,0 days 00:15:00
2024-04-02 23:30:00,Snow,60.0,60.0,4.240773581151856,,,,4/2/24 17:30,2024,4,2,17,30,7.5,24,0,24,1.1,0.15,1.3,4/2/24 18:30,1712100600,1,43.156,-90.717,-2.55959,100,51,446,d,-0.06867986,136,1.0,975,88,2.1,1000,1,267.7,10.2,65,1.7,0.6,9,600,320,9.3,4.59,2024-04-02 23:30:00,0 days 00:15:00
2024-04-02 23:45:00,Relaxing,60.0,60.0,4.240773581151856,,,,4/2/24 17:45,2024,4,2,17,45,7.5,58,9,56,0.9,0.15,1.3,4/2/24 18:45,1712101500,1,43.156,-90.717,-2.55959,100,42,366,d,-0.06867986,92,0.0,975,88,2.1,1000,0,270.3,7.5,51,1.7,0.6,10,804,320,9.6,4.59,2024-04-02 23:45:00,0 days 00:15:00
2024-04-03 00:00:00,Relaxing,60.0,60.0,4.240773581151856,,,,4/2/24 18:00,2024,4,2,18,0,7.5,50,30,47,0.7000000000000001,0.15,1.2000000000000002,4/2/24 19:00,1712102400,1,43.156,-90.717,-2.55959,100,34,285,d,-0.06867986,48,0.0,975,88,2.1,1000,0,272.9,4.8,39,1.7,0.5,11,804,320,9.8,4.59,2024-04-03 00:00:00,0 days 00:15:00
2024-04-03 00:15:00,Ideal Tracking,30.0,4.240773581151856,4.240773581151856,,,,4/2/24 18:15,2024,4,2,18,15,7.4,19,2,19,0.7000000000000001,0.15,1.2000000000000002,4/2/24 19:15,1712103300,1,43.156,-90.717,-2.6345744,100,25,214,d,-0.22553131,36,0.0,975,87,2.1,1000,0,275.5,2.1,29,1.7,0.5,12,804,320,15.9,4.72,2024-04-03 00:15:00,0 days 00:15:00
2024-04-03 00:30:00,Ideal Tracking,4.240773581151856,4.240773581151856,4.240773581151856,,,,4/2/24 18:30,2024,4,2,18,30,7.300000000000001,0,0,0,0.6000000000000001,0.15,1.2000000000000002,4/2/24 19:30,1712104200,1,43.156,-90.717,-2.7022665,100,17,143,d,-0.38398525,24,0.0,975,86,2.1,1000,0,278.1,-0.6,19,1.7,0.0,12,804,325,15.8,4.84,2024-04-03 00:30:00,0 days 00:15:00
2024-04-03 00:45:00,Ideal Tracking,4.240773581151856,4.240773581151856,4.240773581151856,,,,4/2/24 18:45,2024,4,2,18,45,7.2,0,0,0,0.5,0.15,1.2000000000000002,4/2/24 19:45,1712105100,1,43.156,-90.717,-2.7740269,100,8,71,d,-0.5440771,12,0.0,975,85,2.1,1000,0,280.7,-3.3,9,1.7,0.0,12,804,330,15.7,4.97,2024-04-03 00:45:00,0 days 00:15:00
2024-04-03 01:00:00,Ideal Tracking,4.240773581151856,4.240773581151856,4.240773581151856,,,,4/2/24 19:00,2024,4,2,19,0,7.2,0,0,0,0.4,0.15,1.2000000000000002,4/2/24 20:00,1712106000,1,43.156,-90.717,-2.838881,100,0,0,n,-0.70584345,0,0.0,975,84,2.1,1000,0,283.2,-6.0,0,1.7,0.0,13,804,330,10.3,5.09,2024-04-03 01:00:00,0 days 00:15:00
2024-04-03 01:15:00,Ideal Tracking,4.240773581151856,4.240773581151856,4.240773581151856,,,,4/2/24 19:15,2024,4,2,19,15,7.1000000000000005,0,0,0,0.4,0.15,1.2000000000000002,4/2/24 20:15,1712106900,1,43.156,-90.717,-2.8344147,100,0,0,n,-0.75188917,0,0.0,975,83,2.1,1000,0,286.0,-8.6,0,1.82,0.0,13,804,330,10.4,5.37,2024-04-03 01:15:00,0 days 00:15:00
2024-04-03 01:30:00,Ideal Tracking,4.240773581151856,4.240773581151856,4.240773581151856,,,,4/2/24 19:30,2024,4,2,19,30,7.0,0,0,0,0.3,0.15,1.2000000000000002,4/2/24 20:30,1712107800,1,43.156,-90.717,-2.8097901,100,0,0,n,-0.62467134,0,0.0,975,83,2.1,1000,0,288.7,-11.2,0,1.95,0.0,13,804,325,10.6,5.65,2024-04-03 01:30:00,0 days 00:15:00
2024-04-03 01:45:00,Ideal Tracking,4.240773581151856,4.240773581151856,4.240773581151856,,,,4/2/24 19:45,2024,4,2,19,45,6.9,0,0,0,0.3,0.15,1.2000000000000002,4/2/24 20:45,1712108700,1,43.156,-90.717,-2.786211,100,0,0,n,-0.67297786,0,0.0,975,82,2.1,1000,0,291.5,-13.8,0,2.07,0.0,13,804,320,10.7,5.92,2024-04-03 01:45:00,0 days 00:15:00
2024-04-03 02:00:00,Snow,4.240773581151856,4.240773581151856,4.240773581151856,,,,4/2/24 20:00,2024,4,2,20,0,6.800000000000001,0,0,0,0.3,0.15,1.2000000000000002,4/2/24 21:00,1712109600,1,43.156,-90.717,-2.7484143,100,0,0,n,-0.7136551,0,1.0,975,81,2.1,1000,1,294.2,-16.4,0,2.2,0.0,13,600,320,10.8,6.2,2024-04-03 02:00:00,0 days 00:15:00
2024-04-03 02:15:00,Relaxing,34.240773581151856,60.0,4.240773581151856,,,,4/2/24 20:15,2024,4,2,20,15,6.7,0,0,0,0.2,0.15,1.2000000000000002,4/2/24 21:15,1712110500,1,43.156,-90.717,-2.587267,100,0,0,n,-0.78196245,0,0.0,975,81,2.1,1000,0,297.4,-18.7,0,2.13,0.0,13,804,320,10.3,5.66,2024-04-03 02:15:00,0 days 00:15:00
2024-04-03 02:30:00,Relaxing,60.0,60.0,4.240773581151856,,,,4/2/24 20:30,2024,4,2,20,30,6.6000000000000005,0,0,0,0.2,0.15,1.1,4/2/24 21:30,1712111400,1,43.156,-90.717,-2.4090679,100,0,0,n,-1.0196307,0,0.0,975,80,2.1,1000,0,300.5,-21.1,0,2.06,0.0,14,804,320,9.8,5.13,2024-04-03 02:30:00,0 days 00:15:00
2024-04-03 02:45:00,Ideal Tracking,30.0,4.240773581151856,4.240773581151856,,,,4/2/24 20:45,2024,4,2,20,45,6.6000000000000005,0,0,0,0.2,0.15,1.1,4/2/24 21:45,1712112300,1,43.156,-90.717,-2.1869776,100,0,0,n,-1.0780969,0,0.0,975,80,2.1,1000,0,303.6,-23.4,0,2.0,0.0,14,804,320,9.3,4.59,2024-04-03 02:45:00,0 days 00:15:00
2024-04-03 03:00:00,Ideal Tracking,4.240773581151856,4.240773581151856,4.240773581151856,,,,4/2/24 21:00,2024,4,2,21,0,6.5,0,0,0,0.1,0.15,1.1,4/2/24 22:00,1712113200,1,43.156,-90.717,-1.6381106,100,0,0,n,-0.7136551,0,0.0,975,81,2.1,1000,0,306.7,-25.8,0,2.2,0.0,14,804,320,8.8,4.09,2024-04-03 03:00:00,0 days 00:15:00
2024-04-03 03:15:00,Ideal Tracking,4.240773581151856,4.240773581151856,4.240773581151856,,,,4/2/24 21:15,2024,4,2,21,15,6.5,0,0,0,0.1,0.15,1.1,4/2/24 22:15,1712114100,1,43.156,-90.717,-2.2126846,100,0,0,n,-0.7136551,0,0.0,975,81,2.1,999,0,310.4,-27.8,0,2.2,0.0,16,804,320,9.3,5.09,2024-04-03 03:15:00,0 days 00:15:00
2024-04-03 03:30:00,Ideal Tracking,4.240773581151856,4.240773581151856,4.240773581151856,,,,4/2/24 21:30,2024,4,2,21,30,6.6000000000000005,0,0,0,0.1,0.15,1.1,4/2/24 22:30,1712115000,1,43.156,-90.717,-2.034466,100,0,0,n,-0.5459408,0,0.0,975,82,2.1,999,0,314.0,-29.7,0,2.2,0.0,16,804,325,15.0,4.76,2024-04-03 03:30:00,0 days 00:15:00
2024-04-03 03:45:00,Ideal Tracking,4.240773581151856,4.240773581151856,4.240773581151856,,,,4/2/24 21:45,2024,4,2,21,45,6.6000000000000005,0,0,0,0.1,0.15,1.1,4/2/24 22:45,1712115900,1,43.156,-90.717,-1.8455483,100,0,0,n,-0.21586941,0,0.0,975,84,2.1,999,0,317.7,-31.7,0,2.2,0.0,16,804,325,14.9,4.43,2024-04-03 03:45:00,0 days 00:15:00
2024-04-03 04:00:00,Snow,4.240773581151856,4.240773581151856,4.240773581151856,,,,4/2/24 22:00,2024,4,2,22,0,6.6000000000000005,0,0,0,0.1,0.15,1.1,4/2/24 23:00,1712116800,1,43.156,-90.717,-1.6381106,100,0,0,n,-0.053432077,0,1.0,974,85,2.1,999,1,321.3,-33.7,0,2.2,0.0,16,600,330,9.7,4.09,2024-04-03 04:00:00,0 days 00:15:00
2024-04-03 04:15:00,Snow,34.240773581151856,60.0,4.240773581151856,,,,4/2/24 22:15,2024,4,2,22,15,6.7,0,0,0,0.1,0.15,1.1,4/2/24 23:15,1712117700,1,43.156,-90.717,-1.8865865,100,0,0,n,-0.053432077,0,2.0,974,85,2.1,999,2,325.7,-35.0,0,2.2,0.0,16,601,330,9.9,4.5,2024-04-03 04:15:00,0 days 00:15:00
2024-04-03 04:30:00,Snow,60.0,60.0,4.240773581151856,,,,4/2/24 22:30,2024,4,2,22,30,6.800000000000001,0,0,0,0.1,0.15,1.1,4/2/24 23:30,1712118600,1,43.156,-90.717,-2.111303,100,0,0,n,-0.053432077,0,1.0,974,85,2.1,999,1,330.0,-36.4,0,2.2,0.0,16,600,325,10.0,4.9,2024-04-03 04:30:00,0 days 00:15:00
2024-04-03 04:45:00,Snow,60.0,60.0,4.240773581151856,,,,4/2/24 22:45,2024,4,2,22,45,6.800000000000001,0,0,0,0.1,0.15,1.1,4/2/24 23:45,1712119500,1,43.156,-90.717,-2.3211043,100,0,0,n,-0.053432077,0,2.0,974,85,2.1,998,2,334.3,-37.8,0,2.2,0.0,16,601,320,10.2,5.3,2024-04-03 04:45:00,0 days 00:15:00
2024-04-03 05:00:00,Snow,60.0,60.0,4.240773581151856,,,,4/2/24 23:00,2024,4,2,23,0,6.9,0,0,0,0.1,0.15,1.1,4/3/24 0:00,1712120400,1,43.156,-90.717,-2.5180006,100,0,0,n,-0.053432077,0,2.0,973,85,2.1,998,2,338.6,-39.1,0,2.2,0.0,16,601,320,10.3,5.7,2024-04-03 05:00:00,0 days 00:15:00
2024-04-03 05:15:00,Snow,60.0,60.0,4.240773581151856,,,,4/2/24 23:15,2024,4,2,23,15,7.1000000000000005,0,0,0,0.2,0.15,1.1,4/3/24 0:15,1712121300,1,43.156,-90.717,-2.6095212,100,0,0,n,-0.18099804,0,2.0,973,85,2.1,998,2,343.5,-39.7,0,2.07,0.0,14,601,320,10.2,5.55,2024-04-03 05:15:00,0 days 00:15:00
2024-04-03 05:30:00,Snow,60.0,60.0,4.240773581151856,,,,4/2/24 23:30,2024,4,2,23,30,7.300000000000001,0,0,0,0.2,0.15,1.1,4/3/24 0:30,1712122200,1,43.156,-90.717,-2.6860664,100,0,0,n,-0.29875216,0,1.0,973,85,2.1,998,1,348.3,-40.2,0,1.95,0.0,12,600,325,10.1,5.4,2024-04-03 05:30:00,0 days 00:15:00
2024-04-03 05:45:00,Snow,60.0,60.0,4.240773581151856,,,,4/2/24 23:45,2024,4,2,23,45,7.4,0,0,0,0.3,0.15,1.1,4/3/24 0:45,1712123100,1,43.156,-90.717,-2.7727213,100,0,0,n,-0.58824784,0,1.0,973,84,2.1,998,1,353.2,-40.8,0,1.82,0.0,10,600,330,9.9,5.25,2024-04-03 05:45:00,0 days 00:15:00
2024-04-03 06:00:00,Snow,60.0,60.0,4.240773581151856,,,,4/3/24 0:00,2024,4,3,0,0,7.6,0,0,0,0.3,0.15,1.1,4/3/24 1:00,1712124000,1,43.156,-90.717,-2.838881,100,0,0,n,-0.70584345,0,1.0,973,84,2.1,997,1,358.0,-41.3,0,1.7,0.0,8,600,330,9.8,5.09,2024-04-03 06:00:00,0 days 00:15:00
2024-04-03 06:15:00,Snow,60.0,60.0,4.240773581151856,,,,4/3/24 0:15,2024,4,3,0,15,7.800000000000001,0,0,0,0.4,0.15,1.1,4/3/24 1:15,1712124900,1,43.156,-90.717,-3.110807,100,0,0,n,-0.70584345,0,1.0,972,84,2.1,997,1,272.9,-41.0,0,1.7,0.0,8,600,330,10.1,5.62,2024-04-03 06:15:00,0 days 00:15:00
2024-04-03 06:30:00,Snow,60.0,60.0,4.240773581151856,,,,4/3/24 0:30,2024,4,3,0,30,8.0,0,0,0,0.5,0.15,1.1,4/3/24 1:30,1712125800,1,43.156,-90.717,-3.3619807,100,0,0,n,-0.70584345,0,1.0,972,84,2.1,997,1,187.8,-40.6,0,1.7,0.0,8,600,325,10.3,6.15,2024-04-03 06:30:00,0 days 00:15:00
2024-04-03 06:45:00,Snow,60.0,60.0,4.240773581151856,,,,4/3/24 0:45,2024,4,3,0,45,8.1,0,0,0,0.5,0.15,1.1,4/3/24 1:45,1712126700,1,43.156,-90.717,-3.5913234,100,0,0,n,-0.70584345,0,1.0,972,84,2.1,996,1,102.7,-40.2,0,1.7,0.0,8,600,320,10.6,6.67,2024-04-03 06:45:00,0 days 00:15:00
2024-04-03 07:00:00,Snow,60.0,60.0,4.240773581151856,,,,4/3/24 1:00,2024,4,3,1,0,8.3,0,0,0,0.6000000000000001,0.15,1.2000000000000002,4/3/24 2:00,1712127600,1,43.156,-90.717,-3.810109,100,0,0,n,-0.70584345,0,1.0,971,84,2.1,996,1,17.6,-39.8,0,1.7,0.0,8,600,320,10.8,7.2,2024-04-03 07:00:00,0 days 00:15:00
2024-04-03 07:15:00,Snow,60.0,60.0,4.240773581151856,,,,4/3/24 1:15,2024,4,3,1,15,8.4,0,0,0,0.6000000000000001,0.15,1.2000000000000002,4/3/24 2:15,1712128500,1,43.156,-90.717,-3.655502,100,0,0,n,-0.75188917,0,1.0,971,83,2.1,996,1,22.1,-38.6,0,1.82,0.0,8,600,320,11.3,7.2,2024-04-03 07:15:00,0 days 00:15:00
2024-04-03 07:30:00,Snow,60.0,60.0,4.240773581151856,,,,4/3/24 1:30,2024,4,3,1,30,8.5,0,0,0,0.7000000000000001,0.15,1.2000000000000002,4/3/24 2:30,1712129400,1,43.156,-90.717,-3.4880114,100,0,0,n,-0.62467134,0,1.0,971,83,2.1,996,1,26.5,-37.4,0,1.95,0.0,9,600,325,11.9,7.2,2024-04-03 07:30:00,0 days 00:15:00
2024-04-03 07:45:00,Snow,60.0,60.0,4.240773581151856,,,,4/3/24 1:45,2024,4,3,1,45,8.6,0,0,0,0.7000000000000001,0.15,1.2000000000000002,4/3/24 2:45,1712130300,1,43.156,-90.717,-3.3334048,100,0,0,n,-0.67297786,0,1.0,971,82,2.1,996,1,31.0,-36.1,0,2.07,0.0,9,600,330,12.4,7.2,2024-04-03 07:45:00,0 days 00:15:00
2024-04-03 08:00:00,Relaxing,60.0,60.0,4.240773581151856,,,,4/3/24 2:00,2024,4,3,2,0,8.700000000000001,0,0,0,0.7000000000000001,0.15,1.2000000000000002,4/3/24 3:00,1712131200,1,43.156,-90.717,-3.165914,100,0,0,n,-0.7136551,0,0.0,971,81,2.1,995,0,35.4,-34.9,0,2.2,0.0,10,804,330,12.9,7.2,2024-04-03 08:00:00,0 days 00:15:00
2024-04-03 08:15:00,Snow,60.0,60.0,4.240773581151856,,,,4/3/24 2:15,2024,4,3,2,15,8.8,0,0,0,0.7000000000000001,0.15,1.2000000000000002,4/3/24 3:15,1712132100,1,43.156,-90.717,-3.2626233,100,0,0,n,-0.7136551,0,1.0,971,81,2.1,995,1,39.2,-33.0,0,2.2,0.0,10,600,330,13.0,7.45,2024-04-03 08:15:00,0 days 00:15:00
2024-04-03 08:30:00,Snow,60.0,60.0,4.240773581151856,,,,4/3/24 2:30,2024,4,3,2,30,8.8,0,0,0,0.7000000000000001,0.15,1.2000000000000002,4/3/24 3:30,1712133000,1,43.156,-90.717,-3.352933,100,0,0,n,-0.7136551,0,1.0,971,81,2.1,995,1,43.0,-31.2,0,2.2,0.0,10,600,330,13.2,7.69,2024-04-03 08:30:00,0 days 00:15:00
2024-04-03 08:45:00,Snow,60.0,60.0,4.240773581151856,,,,4/3/24 2:45,2024,4,3,2,45,8.9,0,0,0,0.7000000000000001,0.15,1.2000000000000002,4/3/24 3:45,1712133900,1,43.156,-90.717,-3.4445217,100,0,0,n,-0.7136551,0,1.0,970,81,2.1,995,1,46.8,-29.3,0,2.2,0.0,10,600,330,13.3,7.94,2024-04-03 08:45:00,0 days 00:15:00
2024-04-03 09:00:00,Relaxing,60.0,60.0,4.240773581151856,,,,4/3/24 3:00,2024,4,3,3,0,8.9,0,0,0,0.7000000000000001,0.15,1.2000000000000002,4/3/24 4:00,1712134800,1,43.156,-90.717,-3.5337195,100,0,0,n,-0.7136551,0,0.0,970,81,2.1,995,0,50.6,-27.4,0,2.2,0.0,10,804,330,13.4,8.19,2024-04-03 09:00:00,0 days 00:15:00
2024-04-03 09:15:00,Relaxing,60.0,60.0,4.240773581151856,,,,4/3/24 3:15,2024,4,3,3,15,9.0,0,0,0,0.7000000000000001,0.15,1.2000000000000002,4/3/24 4:15,1712135700,1,43.156,-90.717,-3.400866,100,0,0,n,-0.7136551,0,0.0,970,81,2.1,995,0,53.8,-25.1,0,2.2,0.0,9,804,330,12.8,7.82,2024-04-03 09:15:00,0 days 00:15:00
2024-04-03 09:30:00,Snow,30.0,4.240773581151856,4.240773581151856,,,,4/3/24 3:30,2024,4,3,3,30,9.0,0,0,0,0.8,0.15,1.2000000000000002,4/3/24 4:30,1712136600,1,43.156,-90.717,-3.2588077,100,0,0,n,-0.7136551,0,2.0,970,81,2.1,995,2,57.0,-22.8,0,2.2,0.0,9,601,330,12.1,7.44,2024-04-03 09:30:00,0 days 00:15:00
2024-04-03 09:45:00,Snow,60.0,60.0,4.240773581151856,,,,4/3/24 3:45,2024,4,3,3,45,9.0,0,0,0,0.8,0.15,1.2000000000000002,4/3/24 4:45,1712137500,1,43.156,-90.717,-3.1145053,100,0,0,n,-0.7136551,0,2.0,970,81,2.1,995,2,60.2,-20.5,0,2.2,0.0,8,601,330,11.5,7.07,2024-04-03 09:45:00,0 days 00:15:00
2024-04-03 10:00:00,Snow,60.0,60.0,4.240773581151856,,,,4/3/24 4:00,2024,4,3,4,0,9.1,0,0,0,0.8,0.15,1.2000000000000002,4/3/24 5:00,1712138400,1,43.156,-90.717,-2.9637134,100,0,0,n,-0.7136551,0,1.0,970,81,2.1,995,1,63.4,-18.2,0,2.2,0.0,8,600,330,10.8,6.7,2024-04-03 10:00:00,0 days 00:15:00
2024-04-03 10:15:00,Snow,60.0,60.0,4.240773581151856,,,,4/3/24 4:15,2024,4,3,4,15,9.1,0,0,0,0.8,0.15,1.2000000000000002,4/3/24 5:15,1712139300,1,43.156,-90.717,-3.1801112,100,0,0,n,-0.67297786,0,1.0,970,82,2.1,995,1,66.2,-15.7,0,2.07,0.0,8,600,330,11.2,6.82,2024-04-03 10:15:00,0 days 00:15:00
2024-04-03 10:30:00,Snow,60.0,60.0,-2.3908345404721274,86.67896651455548,90.0000093526217,2.3908345404721594,4/3/24 4:30,2024,4,3,4,30,9.1,0,0,0,0.8,0.15,1.2000000000000002,4/3/24 5:30,1712140200,1,43.156,-90.717,-3.3874989,100,0,0,n,-0.62467134,0,1.0,970,83,2.1,995,1,69.0,-13.1,0,1.95,0.0,7,600,330,11.6,6.95,2024-04-03 10:30:00,0 days 00:15:00
2024-04-03 10:45:00,Snow,60.0,60.0,-8.900807024009325,77.61424690094009,90.0,8.900807024009312,4/3/24 4:45,2024,4,3,4,45,9.1,0,0,0,0.7000000000000001,0.15,1.2000000000000002,4/3/24 5:45,1712141100,1,43.156,-90.717,-3.6033556,100,0,0,n,-0.75188917,0,1.0,970,83,2.1,995,1,71.8,-10.6,0,1.82,0.0,7,600,330,12.0,7.07,2024-04-03 10:45:00,0 days 00:15:00
2024-04-03 11:00:00,Snow,60.0,60.0,-16.040021554539976,67.76362896457906,90.0,16.040021554539976,4/3/24 5:00,2024,4,3,5,0,9.2,0,0,0,0.7000000000000001,0.15,1.2000000000000002,4/3/24 6:00,1712142000,1,43.156,-90.717,-3.810109,100,0,0,n,-0.70584345,0,1.0,970,84,2.1,995,1,74.6,-8.0,0,1.7,0.0,6,600,330,12.4,7.2,2024-04-03 11:00:00,0 days 00:15:00
2024-04-03 11:15:00,Snow,60.0,60.0,-24.018713461319997,57.03964131683774,90.00000120741826,24.018713461320004,4/3/24 5:15,2024,4,3,5,15,9.2,0,0,0,0.7000000000000001,0.15,1.2000000000000002,4/3/24 6:15,1712142900,1,43.156,-90.717,-3.384726,100,6,44,d,-0.70584345,6,1.0,970,84,2.1,995,1,77.1,-5.3,7,1.7,0.0,4,600,330,13.9,6.2,2024-04-03 11:15:00,0 days 00:15:00
2024-04-03 11:30:00,Snow,60.0,60.0,-33.54738318093747,44.821436502415274,90.0,33.54738318093747,4/3/24 5:30,2024,4,3,5,30,9.2,0,0,0,0.8,0.15,1.2000000000000002,4/3/24 6:30,1712143800,1,43.156,-90.717,-3.384726,100,12,87,d,-0.70584345,11,1.0,970,84,2.1,995,1,79.7,-2.6,13,1.7,0.0,5,600,330,10.3,6.2,2024-04-03 11:30:00,0 days 00:15:00
2024-04-03 11:45:00,Snow,60.0,60.0,-46.76175610858952,29.1926134758296,90.0,46.76175610858952,4/3/24 5:45,2024,4,3,5,45,9.2,0,0,0,0.8,0.15,1.2000000000000002,4/3/24 6:45,1712144700,1,43.156,-90.717,-3.384726,100,18,131,d,-0.70584345,17,1.0,970,84,2.1,995,1,82.3,0.1,20,1.7,0.5,6,600,335,10.6,6.2,2024-04-03 11:45:00,0 days 00:15:00
2024-04-03 12:00:00,Snow,60.0,60.0,-60.0,14.850000159002072,90.0,59.99999999999999,4/3/24 6:00,2024,4,3,6,0,9.2,19,0,19,0.8,0.15,1.2000000000000002,4/3/24 7:00,1712145600,1,43.156,-90.717,-3.384726,100,24,174,d,-0.70584345,23,1.0,970,84,2.1,995,1,84.9,2.8,26,1.7,0.5,6,600,340,10.8,6.2,2024-04-03 12:00:00,0 days 00:15:00
2024-04-03 12:15:00,Relaxing,60.0,60.0,-60.0,14.102739766383896,90.0,59.99999999999999,4/3/24 6:15,2024,4,3,6,15,9.2,37,2,37,0.8,0.15,1.2000000000000002,4/3/24 7:15,1712146500,1,43.156,-90.717,-3.384726,100,33,272,d,-0.38398525,64,0.0,971,86,2.1,995,0,87.5,5.5,39,1.7,0.5,5,804,340,11.1,6.2,2024-04-03 12:15:00,0 days 00:15:00
2024-04-03 12:30:00,Snow,60.0,60.0,-60.0,14.274858233779762,90.0,59.99999999999999,4/3/24 6:30,2024,4,3,6,30,9.2,7,0,7,0.8,0.15,1.2000000000000002,4/3/24 7:30,1712147400,1,43.156,-90.717,-3.384726,100,43,371,d,-0.06867986,106,1.0,971,88,2.1,995,1,90.1,8.2,54,1.7,0.6,3,600,340,11.3,6.2,2024-04-03 12:30:00,0 days 00:15:00
2024-04-03 12:45:00,Snow,60.0,60.0,-60.0,15.336447743535286,90.0,59.99999999999999,4/3/24 6:45,2024,4,3,6,45,9.2,40,0,40,0.9,0.15,1.2000000000000002,4/3/24 7:45,1712148300,1,43.156,-90.717,-3.810109,100,53,469,d,-0.06867986,148,1.0,971,88,2.1,995,1,92.6,11.0,68,1.7,0.6,2,600,330,12.4,7.2,2024-04-03 12:45:00,0 days 00:15:00
2024-04-03 13:00:00,Snow,60.0,60.0,-60.0,17.12324254544236,90.0,59.99999999999999,4/3/24 7:00,2024,4,3,7,0,9.2,60,0,60,0.9,0.15,1.2000000000000002,4/3/24 8:00,1712149200,1,43.156,-90.717,-3.810109,100,63,567,d,-0.06867986,190,1.0,971,88,2.1,995,1,95.2,13.7,82,1.7,0.6,1,600,330,11.8,7.2,2024-04-03 13:00:00,0 days 00:15:00
2024-04-03 13:15:00,Snow,60.0,60.0,-57.46102182437656,19.276066489211996,90.0,57.46102182437656,4/3/24 7:15,2024,4,3,7,15,9.2,43,0,43,0.9,0.15,1.2000000000000002,4/3/24 8:15,1712150100,1,43.156,-90.717,-4.1483,100,69,608,d,0.535178,237,1.0,971,96,2.1,995,4,98.0,16.4,93,1.1,0.6,2,600,330,11.3,6.2,2024-04-03 13:15:00,0 days 00:15:00
2024-04-03 13:30:00,Snow,60.0,60.0,-54.16424953357596,21.36404525671452,90.0,54.16424953357596,4/3/24 7:30,2024,4,3,7,30,9.2,108,1,108,0.9,0.15,1.2000000000000002,4/3/24 8:30,1712151000,1,43.156,-90.717,-4.094045,100,74,648,d,0.24626523,285,1.0,971,92,2.1,995,4,100.7,19.1,103,1.4,0.7,2,600,330,12.9,6.95,2024-04-03 13:30:00,0 days 00:15:00
2024-04-03 13:45:00,Snow,60.0,60.0,-50.75943778689153,23.36538964947469,90.0,50.75943778689153,4/3/24 7:45,2024,4,3,7,45,9.2,152,5,150,0.9,0.15,1.2000000000000002,4/3/24 8:45,1712151900,1,43.156,-90.717,-4.0044403,100,80,689,d,-0.06867986,333,1.0,971,88,2.1,995,1,103.4,21.8,113,1.7,0.7,3,600,330,14.4,7.7,2024-04-03 13:45:00,0 days 00:15:00
2024-04-03 14:00:00,Relaxing,60.0,60.0,-47.23867411227333,25.27000451350429,90.0,47.23867411227333,4/3/24 8:00,2024,4,3,8,0,9.2,218,20,210,1.0,0.15,1.2000000000000002,4/3/24 9:00,1712152800,1,43.156,-90.717,-3.810109,100,85,730,d,-0.70584345,380,0.0,971,84,2.1,995,0,106.2,24.4,123,1.7,0.8,5,804,330,12.4,7.2,2024-04-03 14:00:00,0 days 00:15:00
2024-04-03 14:15:00,Relaxing,60.0,60.0,-43.59527884692535,27.067229172629027,90.0,43.59527884692535,4/3/24 8:15,2024,4,3,8,15,9.2,193,24,182,1.0,0.15,1.2000000000000002,4/3/24 9:15,1712153700,1,43.156,-90.717,-3.9086442,100,89,752,d,-0.70584345,425,0.0,971,84,2.1,995,0,109.4,27.0,132,1.7,0.9,4,804,330,13.2,7.45,2024-04-03 14:15:00,0 days 00:15:00
2024-04-03 14:30:00,Ideal Tracking,30.0,-39.82424368104862,-39.82424368104862,28.745907072828995,90.0,39.82424368104862,4/3/24 8:30,2024,4,3,8,30,9.3,130,3,128,1.0,0.15,1.2000000000000002,4/3/24 9:30,1712154600,1,43.156,-90.717,-4.0044403,100,92,774,d,-0.70584345,469,0.0,971,84,2.1,996,0,112.5,29.5,139,1.7,1.0,3,804,330,13.9,7.7,2024-04-03 14:30:00,0 days 00:15:00
2024-04-03 14:45:00,Ideal Tracking,0.0,-35.922728798731406,-35.922728798731406,30.29450374486185,90.0,35.922728798731406,4/3/24 8:45,2024,4,3,8,45,9.3,184,10,179,1.1,0.15,1.2000000000000002,4/3/24 9:45,1712155500,1,43.156,-90.717,-3.3566442,100,96,796,d,-0.7136551,513,0.0,971,81,2.1,996,0,115.7,32.0,147,2.2,1.1,5,804,330,14.9,7.7,2024-04-03 14:45:00,0 days 00:15:00
2024-04-03 15:00:00,Ideal Tracking,-30.0,-31.890592737600237,-31.890592737600237,31.70128216603506,90.0,31.89059273760023,4/3/24 9:00,2024,4,3,9,0,9.3,85,1,84,1.1,0.15,1.2000000000000002,4/3/24 10:00,1712156400,1,43.156,-90.717,-3.165914,100,100,818,d,-0.053432077,557,0.0,971,85,2.1,996,0,118.9,34.6,156,2.2,1.2,11,804,330,14.9,7.2,2024-04-03 15:00:00,0 days 00:15:00
2024-04-03 15:15:00,Ideal Tracking,-27.73091199777543,-27.73091199777543,-27.73091199777543,32.95454095249249,90.00000085377364,27.730911997775433,4/3/24 9:15,2024,4,3,9,15,9.3,105,0,105,1.2000000000000002,0.15,1.2000000000000002,4/3/24 10:15,1712157300,1,43.156,-90.717,-3.4584744,100,102,831,d,-0.78196245,593,0.0,971,81,2.1,996,0,122.7,36.8,161,2.13,1.3,11,804,335,15.6,7.73,2024-04-03 15:15:00,0 days 00:15:00
2024-04-03 15:30:00,Wind,-23.45043503088757,-23.45043503088757,-23.45043503088757,34.04291704074756,90.0,23.45043503088757,4/3/24 9:30,2024,4,3,9,30,9.3,117,0,117,1.2000000000000002,0.15,1.2000000000000002,4/3/24 10:30,1712158200,1,43.156,-90.717,-3.7407339,100,104,844,d,-1.3640463,628,1.0,971,78,2.1,996,1,126.6,39.0,167,2.06,1.4,11,600,335,16.3,8.26,2024-04-03 15:30:00,0 days 00:15:00
2024-04-03 15:45:00,Wind,-40.0,-40.0,-19.059896820881967,34.95573779855896,90.0,19.05989682088196,4/3/24 9:45,2024,4,3,9,45,9.2,115,0,115,1.3,0.15,1.2000000000000002,4/3/24 10:45,1712159100,1,43.156,-90.717,-4.004156,100,107,857,d,-2.134935,664,0.0,971,74,2.1,996,0,130.5,41.2,173,2.0,1.5,11,804,340,17.0,8.8,2024-04-03 15:45:00,0 days 00:15:00
2024-04-03 16:00:00,Wind,-40.0,-40.0,-14.574114834724005,35.68341930413263,90.0000017075473,14.57411483472401,4/3/24 10:00,2024,4,3,10,0,9.2,193,0,193,1.4,0.15,1.2000000000000002,4/3/24 11:00,1712160000,1,43.156,-90.717,-2.7484143,100,109,870,d,-1.760205,699,1.0,972,75,2.1,996,1,134.4,43.4,179,2.2,1.7,10,600,340,17.0,6.2,2024-04-03 16:00:00,0 days 00:15:00
2024-04-03 16:15:00,Wind,-40.0,-40.0,-10.01180185781522,36.21787148361346,90.00000269986933,10.011801857815232,4/3/24 10:15,2024,4,3,10,15,9.2,134,0,134,1.5,0.15,1.2000000000000002,4/3/24 11:15,1712160900,1,43.156,-90.717,-3.0256684,100,110,877,d,-1.760205,723,0.0,972,75,2.1,996,0,139.3,45.0,182,2.2,1.8,9,804,340,16.6,6.85,2024-04-03 16:15:00,0 days 00:15:00
2024-04-03 16:30:00,Wind,-40.0,-40.0,-5.395053465223293,36.55287760804028,90.00000372151304,5.395053465223304,4/3/24 10:30,2024,4,3,10,30,9.3,118,0,118,1.6,0.15,1.2000000000000002,4/3/24 11:30,1712161800,1,43.156,-90.717,-3.2816372,100,112,884,d,-1.760205,746,0.0,972,75,2.1,996,0,144.3,46.6,187,2.2,1.9,9,804,335,16.2,7.5,2024-04-03 16:30:00,0 days 00:15:00
2024-04-03 16:45:00,Relaxing,-40.0,-40.0,-0.7485116129966324,36.68441364260648,90.0,0.7485116129965147,4/3/24 10:45,2024,4,3,10,45,9.3,62,0,62,1.7000000000000002,0.15,1.2000000000000002,4/3/24 11:45,1712162700,1,43.156,-90.717,-3.519603,100,113,891,d,-1.760205,770,0.0,972,75,2.1,997,0,149.2,48.2,190,2.2,2.0,8,804,330,15.8,8.15,2024-04-03 16:45:00,0 days 00:15:00
2024-04-03 17:00:00,Relaxing,-40.0,-40.0,3.9017353314525733,36.6108645342236,270.0,3.901735331452528,4/3/24 11:00,2024,4,3,11,0,9.3,91,0,91,1.7000000000000002,0.15,1.2000000000000002,4/3/24 12:00,1712163600,1,43.156,-90.717,-3.742126,100,115,898,d,-1.760205,793,0.0,972,75,2.1,997,0,154.1,49.8,194,2.2,2.1,8,804,330,15.4,8.8,2024-04-03 17:00:00,0 days 00:15:00
2024-04-03 17:15:00,Snow,-10.0,8.5294116653572,8.5294116653572,36.33311493192257,269.9999964798011,8.529411665357216,4/3/24 11:15,2024,4,3,11,15,9.3,157,0,157,1.9,0.15,1.2000000000000002,4/3/24 12:15,1712164500,1,43.156,-90.717,-2.3928802,100,115,900,d,-1.1799076,802,1.0,972,75,2.1,997,1,160.0,50.5,195,2.8,2.1,4,600,330,13.9,7.2,2024-04-03 17:15:00,0 days 00:15:00
2024-04-03 17:30:00,Snow,20.0,60.0,13.109336247435689,35.85450067797147,270.0,13.109336247435678,4/3/24 11:30,2024,4,3,11,30,9.3,242,0,242,2.0,0.15,1.2000000000000002,4/3/24 12:30,1712165400,1,43.156,-90.717,-1.461249,100,116,903,d,-0.64509815,811,1.0,972,78,2.1,997,1,165.9,51.1,197,2.8,2.1,3,600,340,12.4,5.09,2024-04-03 17:30:00,0 days 00:15:00
2024-04-03 17:45:00,Snow,50.0,60.0,17.618580948929832,35.18062118474004,270.0,17.61858094892983,4/3/24 11:45,2024,4,3,11,45,9.2,176,0,176,2.1,0.15,1.2000000000000002,4/3/24 12:45,1712166300,1,43.156,-90.717,-1.8369669,100,116,905,d,-0.5908901,820,1.0,972,80,2.1,997,1,171.8,51.8,198,2.5,2.2,3,600,340,12.1,5.09,2024-04-03 17:45:00,0 days 00:15:00
2024-04-03 18:00:00,Snow,60.0,60.0,22.037389764921723,34.31905240927147,270.0,22.03738976492172,4/3/24 12:00,2024,4,3,12,0,9.2,119,0,119,2.2,0.15,1.2000000000000002,4/3/24 13:00,1712167200,1,43.156,-90.717,-2.2126846,100,117,908,d,-0.7136551,829,1.0,972,81,2.1,997,1,177.6,52.5,200,2.2,2.2,3,600,340,11.8,5.09,2024-04-03 18:00:00,0 days 00:15:00
2024-04-03 18:15:00,Relaxing,60.0,60.0,26.349788424631303,33.27897649907726,269.99999914622634,26.349788424631306,4/3/24 12:15,2024,4,3,12,15,9.2,81,0,81,2.3000000000000003,0.15,1.2000000000000002,4/3/24 13:15,1712168100,1,43.156,-90.717,-2.3520668,100,116,906,d,-0.9087027,823,0.0,972,79,2.1,997,0,183.6,52.0,198,2.35,2.2,5,804,340,12.3,5.75,2024-04-03 18:15:00,0 days 00:15:00
2024-04-03 18:30:00,Relaxing,60.0,60.0,30.543862601277258,32.07078167500805,270.0,30.543862601277254,4/3/24 12:30,2024,4,3,12,30,9.1,128,0,128,2.4000000000000004,0.15,1.2000000000000002,4/3/24 13:30,1712169000,1,43.156,-90.717,-2.4534428,100,116,904,d,-1.2901534,817,0.0,973,76,2.1,997,0,189.6,51.6,198,2.5,2.2,7,804,345,12.9,6.4,2024-04-03 18:30:00,0 days 00:15:00
2024-04-03 18:45:00,Snow,34.61173609081635,34.61173609081635,34.61173609081635,30.70565773371837,270.0,34.61173609081635,4/3/24 12:45,2024,4,3,12,45,9.1,119,0,119,2.6,0.15,1.2000000000000002,4/3/24 13:45,1712169900,1,43.156,-90.717,-2.5277598,100,116,903,d,-1.5072333,811,1.0,973,74,2.1,997,1,195.6,51.1,197,2.65,2.1,9,600,350,13.4,7.05,2024-04-03 18:45:00,0 days 00:15:00
2024-04-03 19:00:00,Relaxing,60.0,60.0,38.54931252099585,29.19523003270623,270.0,38.54931252099585,4/3/24 13:00,2024,4,3,13,0,9.1,153,0,153,2.7,0.15,1.2000000000000002,4/3/24 14:00,1712170800,1,43.156,-90.717,-2.579289,100,115,901,d,-1.7339906,805,0.0,973,72,2.1,998,0,201.6,50.7,196,2.8,2.1,11,804,350,13.9,7.7,2024-04-03 19:00:00,0 days 00:15:00
2024-04-03 19:15:00,Snow,60.0,60.0,42.35585356410047,27.55123962156483,270.0,42.35585356410047,4/3/24 13:15,2024,4,3,13,15,9.1,138,0,138,2.9000000000000004,0.15,1.2000000000000002,4/3/24 14:15,1712171700,1,43.156,-90.717,-2.4536831,100,114,895,d,-1.5470629,784,1.0,973,73,2.1,998,1,206.7,49.2,192,2.8,2.0,12,600,345,13.2,7.36,2024-04-03 19:15:00,0 days 00:15:00
2024-04-03 19:30:00,Relaxing,60.0,60.0,46.033470433323394,25.78528722699815,270.0,46.033470433323394,4/3/24 13:30,2024,4,3,13,30,9.0,115,0,115,3.0,0.15,1.2000000000000002,4/3/24 14:30,1712172600,1,43.156,-90.717,-2.3270206,100,113,889,d,-1.3623875,764,0.0,973,74,2.1,998,0,211.9,47.8,189,2.8,1.9,13,804,335,12.5,7.03,2024-04-03 19:30:00,0 days 00:15:00
2024-04-03 19:45:00,Relaxing,60.0,60.0,49.58659313079403,23.908639456628748,270.0,49.58659313079403,4/3/24 13:45,2024,4,3,13,45,9.0,88,0,88,3.2,0.15,1.2000000000000002,4/3/24 14:45,1712173500,1,43.156,-90.717,-2.1952612,100,112,883,d,-1.1799076,743,0.0,973,75,2.1,998,0,217.0,46.3,186,2.8,1.8,14,804,330,11.8,6.7,2024-04-03 19:45:00,0 days 00:15:00
2024-04-03 20:00:00,Snow,53.02146071019406,53.02146071019406,53.02146071019406,21.93209485625973,270.0,53.021460710194056,4/3/24 14:00,2024,4,3,14,0,9.0,127,1,127,3.4000000000000004,0.15,1.2000000000000002,4/3/24 15:00,1712174400,1,43.156,-90.717,-1.5548842,100,111,877,d,-1.252715,722,1.0,973,72,2.1,998,0,222.2,44.9,183,3.3,1.8,14,600,330,14.4,6.7,2024-04-03 20:00:00,0 days 00:15:00
2024-04-03 20:15:00,Snow,60.0,60.0,56.345663427200705,19.865901682636995,270.0,56.345663427200705,4/3/24 14:15,2024,4,3,14,15,9.1,326,41,298,3.4000000000000004,0.15,1.2000000000000002,4/3/24 15:15,1712175300,1,43.156,-90.717,-1.7561995,100,108,866,d,-1.252715,689,1.0,974,72,2.1,998,0,226.2,42.8,177,3.3,1.6,15,600,330,14.9,7.22,2024-04-03 20:15:00,0 days 00:15:00
2024-04-03 20:30:00,Relaxing,60.0,60.0,59.567752349487414,17.71971742083331,270.0,59.567752349487414,4/3/24 14:30,2024,4,3,14,30,9.1,124,0,124,3.5,0.15,1.2000000000000002,4/3/24 15:30,1712176200,1,43.156,-90.717,-1.9492202,100,106,854,d,-1.252715,656,0.0,974,72,2.1,999,0,230.3,40.7,172,3.3,1.5,15,804,335,15.5,7.75,2024-04-03 20:30:00,0 days 00:15:00
2024-04-03 20:45:00,Relaxing,60.0,60.0,60.0,15.729769633977808,270.0,59.99999999999999,4/3/24 14:45,2024,4,3,14,45,9.1,29,0,29,3.6,0.15,1.2000000000000002,4/3/24 15:45,1712177100,1,43.156,-90.717,-2.128107,100,104,842,d,-1.252715,622,0.0,974,72,2.1,999,0,234.4,38.6,166,3.3,1.4,16,804,340,16.0,8.27,2024-04-03 20:45:00,0 days 00:15:00
2024-04-03 21:00:00,Wind,60.0,60.0,60.0,14.395820094236289,270.0,59.99999999999999,4/3/24 15:00,2024,4,3,15,0,9.1,165,0,165,3.6,0.15,1.2000000000000002,4/3/24 16:00,1712178000,1,43.156,-90.717,-2.300962,100,102,831,d,-1.252715,589,1.0,974,72,2.1,999,0,238.5,36.5,161,3.3,1.3,16,600,340,16.5,8.8,2024-04-03 21:00:00,0 days 00:15:00
2024-04-03 21:15:00,Wind,40.0,40.0,60.0,13.914062364151336,270.0,59.99999999999999,4/3/24 15:15,2024,4,3,15,15,9.1,168,0,167,3.5,0.15,1.2000000000000002,4/3/24 16:15,1712178900,1,43.156,-90.717,-2.3928802,100,99,811,d,-1.7339906,546,0.0,975,72,2.1,999,0,241.8,34.0,154,2.8,1.2,4,804,340,18.0,7.2,2024-04-03 21:15:00,0 days 00:15:00
2024-04-03 21:30:00,Relaxing,40.0,40.0,60.0,14.369558913730947,270.0,59.99999999999999,4/3/24 15:30,2024,4,3,15,30,9.0,227,7,224,3.4000000000000004,0.15,1.2000000000000002,4/3/24 16:30,1712179800,1,43.156,-90.717,-2.9637134,100,95,791,d,-1.2280241,504,0.0,975,78,2.1,1000,0,245.1,31.5,145,2.2,1.1,5,804,340,11.8,6.7,2024-04-03 21:30:00,0 days 00:15:00
2024-04-03 21:45:00,Relaxing,40.0,40.0,53.97951486510193,21.344776309658048,270.0,53.97951486510193,4/3/24 15:45,2024,4,3,15,45,8.9,192,3,190,3.2,0.15,1.2000000000000002,4/3/24 16:45,1712180700,1,43.156,-90.717,-2.579289,100,92,771,d,-1.1799076,461,0.0,975,75,2.1,1000,0,248.3,29.0,138,2.8,1.0,4,804,340,13.9,7.7,2024-04-03 21:45:00,0 days 00:15:00
2024-04-03 22:00:00,Ideal Tracking,37.66919402247921,37.66919402247921,37.66919402247921,39.75501035513898,269.9999987925817,37.66919402247922,4/3/24 16:00,2024,4,3,16,0,8.9,60,0,60,3.1,0.15,1.2000000000000002,4/3/24 17:00,1712181600,1,43.156,-90.717,-2.3928802,100,88,752,d,-0.64509815,418,0.0,975,78,2.1,1000,0,251.6,26.6,130,2.8,0.9,10,804,340,11.3,7.2,2024-04-03 22:00:00,0 days 00:15:00
2024-04-03 22:15:00,Ideal Tracking,27.241663220430837,27.241663220430837,27.241663220430837,52.823090913753454,270.0,27.241663220430837,4/3/24 16:15,2024,4,3,16,15,8.700000000000001,52,0,52,2.9000000000000004,0.15,1.2000000000000002,4/3/24 17:15,1712182500,1,43.156,-90.717,-2.0917637,100,83,716,d,-0.99956757,371,0.0,976,76,2.1,1000,0,254.4,23.9,120,2.8,0.8,8,804,340,12.4,6.45,2024-04-03 22:15:00,0 days 00:15:00
2024-04-03 22:30:00,Ideal Tracking,18.837276967251086,18.837276967251086,18.837276967251086,63.964075724998914,269.9999985212207,18.837276967251093,4/3/24 16:30,2024,4,3,16,30,8.6,88,0,88,2.6,0.15,1.2000000000000002,4/3/24 17:30,1712183400,1,43.156,-90.717,-1.7596473,100,78,681,d,-1.1799076,323,0.0,976,75,2.1,1001,0,257.2,21.2,110,2.8,0.7,6,804,340,13.4,5.7,2024-04-03 22:30:00,0 days 00:15:00
2024-04-03 22:45:00,Snow,11.4552814302658,11.4552814302658,11.4552814302658,74.07573189047726,270.0,11.455281430265794,4/3/24 16:45,2024,4,3,16,45,8.5,95,1,95,2.4000000000000004,0.15,1.2000000000000002,4/3/24 17:45,1712184300,1,43.156,-90.717,-2.0917637,100,73,645,d,-1.1799076,276,1.0,976,75,2.1,1001,1,260.1,18.6,101,2.8,0.7,6,600,340,12.9,6.45,2024-04-03 22:45:00,0 days 00:15:00
2024-04-03 23:00:00,Relaxing,41.4552814302658,60.0,4.720647814207382,83.43776367118781,269.99999704244135,4.720647814207388,4/3/24 17:00,2024,4,3,17,0,8.4,109,3,108,2.2,0.15,1.2000000000000002,4/3/24 18:00,1712185200,1,43.156,-90.717,-2.3928802,100,68,610,d,-1.1799076,228,0.0,976,75,2.1,1001,0,262.9,15.9,91,2.8,0.6,6,804,340,12.4,7.2,2024-04-03 23:00:00,0 days 00:15:00
2024-04-03 23:15:00,Relaxing,60.0,60.0,4.720647814207382,,,,4/3/24 17:15,2024,4,3,17,15,8.200000000000001,25,0,25,2.0,0.15,1.2000000000000002,4/3/24 18:15,1712186100,1,43.156,-90.717,-2.6809528,100,60,531,d,-1.1123389,184,0.0,976,77,2.1,1001,0,265.5,13.2,78,2.5,0.6,10,804,345,11.6,6.95,2024-04-03 23:15:00,0 days 00:15:00
2024-04-03 23:30:00,Ideal Tracking,30.0,4.720647814207382,4.720647814207382,,,,4/3/24 17:30,2024,4,3,17,30,8.1,34,0,34,1.8,0.15,1.1,4/3/24 18:30,1712187000,1,43.156,-90.717,-2.9637134,100,51,452,d,-1.2280241,139,0.0,977,78,2.1,1001,0,268.1,10.4,65,2.2,0.6,14,804,350,10.8,6.7,2024-04-03 23:30:00,0 days 00:15:00
2024-04-03 23:45:00,Ideal Tracking,4.720647814207382,4.720647814207382,4.720647814207382,,,,4/3/24 17:45,2024,4,3,17,45,7.9,51,1,51,1.6,0.15,1.1,4/3/24 18:45,1712187900,1,43.156,-90.717,-1.5068626,100,43,374,d,-1.1692647,95,0.0,977,74,2.1,1002,0,270.6,7.7,53,3.0,0.6,16,804,350,11.3,5.7,2024-04-03 23:45:00,0 days 00:15:00
2024-04-04 00:00:00,Ideal Tracking,4.720647814207382,4.720647814207382,4.720647814207382,,,,4/3/24 18:00,2024,4,3,18,0,7.800000000000001,13,0,13,1.4,0.15,1.1,4/3/24 19:00,1712188800,1,43.156,-90.717,-1.7596473,100,35,295,d,-1.1799076,51,0.0,977,75,2.1,1002,0,273.2,5.0,40,2.8,0.5,16,804,340,11.3,5.7,2024-04-04 00:00:00,0 days 00:15:00
2024-04-04 00:15:00,Ideal Tracking,4.720647814207382,4.720647814207382,4.720647814207382,,,,4/3/24 18:15,2024,4,3,18,15,7.7,19,0,19,1.3,0.15,1.1,4/3/24 19:15,1712189700,1,43.156,-90.717,-2.00517,100,26,221,d,-1.4410355,38,0.0,977,75,2.1,1002,0,275.8,2.3,30,2.53,0.5,16,804,345,10.8,5.5,2024-04-04 00:15:00,0 days 00:15:00
2024-04-04 00:30:00,Ideal Tracking,4.720647814207382,4.720647814207382,4.720647814207382,,,,4/3/24 18:30,2024,4,3,18,30,7.5,0,0,0,1.2000000000000002,0.15,1.1,4/3/24 19:30,1712190600,1,43.156,-90.717,-2.2457151,100,17,148,d,-1.7021732,25,0.0,977,75,2.1,1002,0,278.4,-0.4,20,2.26,0.0,16,804,345,10.3,5.3,2024-04-04 00:30:00,0 days 00:15:00
2024-04-04 00:45:00,Ideal Tracking,4.720647814207382,4.720647814207382,4.720647814207382,,,,4/3/24 18:45,2024,4,3,18,45,7.4,0,0,0,1.1,0.15,1.1,4/3/24 19:45,1712191500,1,43.156,-90.717,-2.4631634,100,9,74,d,-2.134935,13,0.0,978,74,2.1,1002,0,281.0,-3.1,10,2.0,0.0,16,804,350,9.8,5.09,2024-04-04 00:45:00,0 days 00:15:00
2024-04-04 01:00:00,Ideal Tracking,4.720647814207382,4.720647814207382,4.720647814207382,,,,4/3/24 19:00,2024,4,3,19,0,7.300000000000001,0,0,0,1.0,0.15,1.1,4/3/24 20:00,1712192400,1,43.156,-90.717,-2.5180006,100,0,0,n,-1.2280241,0,0.0,978,78,2.1,1003,0,283.6,-5.8,0,2.2,0.0,16,804,360,9.8,5.7,2024-04-04 01:00:00,0 days 00:15:00
2024-04-04 01:15:00,Ideal Tracking,4.720647814207382,4.720647814207382,4.720647814207382,,,,4/3/24 19:15,2024,4,3,19,15,7.1000000000000005,0,0,0,0.9,0.15,1.0,4/3/24 20:15,1712193300,1,43.156,-90.717,-2.3814478,100,0,0,n,-1.2280241,0,0.0,978,78,2.1,1003,0,286.3,-8.4,0,2.2,0.0,16,804,360,9.3,5.42,2024-04-04 01:15:00,0 days 00:15:00
2024-04-04 01:30:00,Ideal Tracking,4.720647814207382,4.720647814207382,4.720647814207382,,,,4/3/24 19:30,2024,4,3,19,30,7.0,0,0,0,0.8,0.15,1.0,4/3/24 20:30,1712194200,1,43.156,-90.717,-2.2440393,100,0,0,n,-1.2280241,0,0.0,978,78,2.1,1003,0,289.1,-11.0,0,2.2,0.0,16,804,355,8.8,5.15,2024-04-04 01:30:00,0 days 00:15:00
2024-04-04 01:45:00,Ideal Tracking,4.720647814207382,4.720647814207382,4.720647814207382,,,,4/3/24 19:45,2024,4,3,19,45,6.9,0,0,0,0.8,0.15,1.0,4/3/24 20:45,1712195100,1,43.156,-90.717,-2.0949948,100,0,0,n,-1.2280241,0,0.0,978,78,2.1,1003,0,291.8,-13.6,0,2.2,0.0,16,804,350,8.2,4.87,2024-04-04 01:45:00,0 days 00:15:00
2024-04-04 02:00:00,Ideal Tracking,4.720647814207382,4.720647814207382,4.720647814207382,,,,4/3/24 20:00,2024,4,3,20,0,6.7,0,0,0,0.7000000000000001,0.15,1.0,4/3/24 21:00,1712196000,1,43.156,-90.717,-1.9385694,100,0,0,n,-1.2280241,0,0.0,979,78,2.1,1003,0,294.6,-16.1,0,2.2,0.0,16,804,350,7.7,4.59,2024-04-04 02:00:00,0 days 00:15:00
2024-04-04 02:15:00,Ideal Tracking,4.720647814207382,4.720647814207382,4.720647814207382,,,,4/3/24 20:15,2024,4,3,20,15,6.6000000000000005,0,0,0,0.6000000000000001,0.15,1.0,4/3/24 21:15,1712196900,1,43.156,-90.717,-1.9385694,100,0,0,n,-1.760205,0,0.0,979,75,2.1,1003,0,297.7,-18.5,0,2.2,0.0,16,804,350,9.8,4.59,2024-04-04 02:15:00,0 days 00:15:00
2024-04-04 02:30:00,Ideal Tracking,4.720647814207382,4.720647814207382,4.720647814207382,,,,4/3/24 20:30,2024,4,3,20,30,6.5,0,0,0,0.5,0.15,1.0,4/3/24 21:30,1712197800,1,43.156,-90.717,-2.2033348,100,0,0,n,-1.8569262,0,0.0,979,75,2.1,1004,0,300.8,-20.8,0,2.1,0.0,16,804,345,9.6,4.84,2024-04-04 02:30:00,0 days 00:15:00
2024-04-04 02:45:00,Ideal Tracking,4.720647814207382,4.720647814207382,4.720647814207382,,,,4/3/24 20:45,2024,4,3,20,45,6.300000000000001,0,0,0,0.5,0.15,1.0,4/3/24 21:45,1712198700,1,43.156,-90.717,-2.4631634,100,0,0,n,-2.134935,0,0.0,979,74,2.1,1004,0,303.9,-23.2,0,2.0,0.0,16,804,340,9.3,5.09,2024-04-04 02:45:00,0 days 00:15:00
2024-04-04 03:00:00,Ideal Tracking,4.720647814207382,4.720647814207382,4.720647814207382,,,,4/3/24 21:00,2024,4,3,21,0,6.2,0,0,0,0.4,0.15,1.0,4/3/24 22:00,1712199600,1,43.156,-90.717,-2.7484143,100,0,0,n,-1.760205,0,0.0,979,75,2.1,1004,0,307.0,-25.5,0,2.2,0.0,16,804,350,9.3,6.2,2024-04-04 03:00:00,0 days 00:15:00
2024-04-04 03:15:00,Ideal Tracking,4.720647814207382,4.720647814207382,4.720647814207382,,,,4/3/24 21:15,2024,4,3,21,15,6.1000000000000005,0,0,0,0.4,0.15,0.9,4/3/24 22:15,1712200500,1,43.156,-90.717,-2.5654054,100,0,0,n,-1.760205,0,0.0,979,75,2.1,1004,0,310.7,-27.5,0,2.2,0.0,16,804,350,12.7,5.8,2024-04-04 03:15:00,0 days 00:15:00
2024-04-04 03:30:00,Ideal Tracking,4.720647814207382,4.720647814207382,4.720647814207382,,,,4/3/24 21:30,2024,4,3,21,30,6.0,0,0,0,0.4,0.15,0.9,4/3/24 22:30,1712201400,1,43.156,-90.717,-2.371469,100,0,0,n,-1.760205,0,0.0,979,75,2.1,1004,0,314.3,-29.4,0,2.2,0.0,16,804,350,12.6,5.4,2024-04-04 03:30:00,0 days 00:15:00
2024-04-04 03:45:00,Ideal Tracking,4.720647814207382,4.720647814207382,4.720647814207382,,,,4/3/24 21:45,2024,4,3,21,45,5.9,0,0,0,0.3,0.15,0.9,4/3/24 22:45,1712202300,1,43.156,-90.717,-2.1650655,100,0,0,n,-1.760205,0,0.0,979,75,2.1,1004,0,318.0,-31.4,0,2.2,0.0,16,804,350,12.5,5.0,2024-04-04 03:45:00,0 days 00:15:00
2024-04-04 04:00:00,Ideal Tracking,4.720647814207382,4.720647814207382,4.720647814207382,,,,4/3/24 22:00,2024,4,3,22,0,5.800000000000001,0,0,0,0.3,0.15,0.9,4/3/24 23:00,1712203200,1,43.156,-90.717,-1.9385694,100,0,0,n,-1.760205,0,0.0,979,75,2.1,1004,0,321.6,-33.3,0,2.2,0.0,16,804,350,12.4,4.59,2024-04-04 04:00:00,0 days 00:15:00
2024-04-04 04:15:00,Ideal Tracking,4.720647814207382,4.720647814207382,4.720647814207382,,,,4/3/24 22:15,2024,4,3,22,15,5.7,0,0,0,0.3,0.15,0.9,4/3/24 23:15,1712204100,1,43.156,-90.717,-2.012164,100,0,0,n,-1.760205,0,0.0,979,75,2.1,1004,0,325.9,-34.7,0,2.2,0.0,16,804,350,12.2,4.72,2024-04-04 04:15:00,0 days 00:15:00
2024-04-04 04:30:00,Ideal Tracking,4.720647814207382,4.720647814207382,4.720647814207382,,,,4/3/24 22:30,2024,4,3,22,30,5.6000000000000005,0,0,0,0.3,0.15,0.9,4/3/24 23:30,1712205000,1,43.156,-90.717,-2.0786018,100,0,0,n,-1.760205,0,0.0,979,75,2.1,1004,0,330.2,-36.1,0,2.2,0.0,16,804,350,12.0,4.84,2024-04-04 04:30:00,0 days 00:15:00
2024-04-04 04:45:00,Ideal Tracking,4.720647814207382,4.720647814207382,4.720647814207382,,,,4/3/24 22:45,2024,4,3,22,45,5.5,0,0,0,0.3,0.15,0.9,4/3/24 23:45,1712205900,1,43.156,-90.717,-2.1490324,100,0,0,n,-1.760205,0,0.0,979,75,2.1,1004,0,334.6,-37.4,0,2.2,0.0,16,804,350,11.8,4.97,2024-04-04 04:45:00,0 days 00:15:00
2024-04-04 05:00:00,Ideal Tracking,4.720647814207382,4.720647814207382,4.720647814207382,,,,4/3/24 23:00,2024,4,3,23,0,5.4,0,0,0,0.2,0.15,0.9,4/4/24 0:00,1712206800,1,43.156,-90.717,-2.2126846,100,0,0,n,-1.760205,0,0.0,979,75,2.1,1004,0,338.9,-38.8,0,2.2,0.0,16,804,350,9.6,5.09,2024-04-04 05:00:00,0 days 00:15:00
2024-04-04 05:15:00,Ideal Tracking,4.720647814207382,4.720647814207382,4.720647814207382,,,,4/3/24 23:15,2024,4,3,23,15,5.4,0,0,0,0.2,0.15,0.9,4/4/24 0:15,1712207700,1,43.156,-90.717,-2.2956219,100,0,0,n,-1.9417896,0,0.0,979,74,2.1,1004,0,343.7,-39.3,0,2.2,0.0,16,804,350,9.7,5.25,2024-04-04 05:15:00,0 days 00:15:00
2024-04-04 05:30:00,Ideal Tracking,4.720647814207382,4.720647814207382,4.720647814207382,,,,4/3/24 23:30,2024,4,3,23,30,5.4,0,0,0,0.2,0.15,0.9,4/4/24 0:30,1712208600,1,43.156,-90.717,-2.371469,100,0,0,n,-1.9417896,0,0.0,979,74,2.1,1004,0,348.5,-39.9,0,2.2,0.0,16,804,345,9.7,5.4,2024-04-04 05:30:00,0 days 00:15:00
2024-04-04 05:45:00,Ideal Tracking,4.720647814207382,4.720647814207382,4.720647814207382,,,,4/3/24 23:45,2024,4,3,23,45,5.4,0,0,0,0.2,0.15,0.9,4/4/24 0:45,1712209500,1,43.156,-90.717,-2.4455667,100,0,0,n,-2.1255593,0,0.0,979,73,2.1,1004,0,353.3,-40.4,0,2.2,0.0,16,804,340,9.8,5.55,2024-04-04 05:45:00,0 days 00:15:00
